Family_01,Romance_02,Drama_03,Horror_04,Historical_05,Crime_06,Erotic_07,Independent_08,Biographical_09,Musical_10,SciFi_11,Action_12,Comedy_13,Adventure_14,Western_15,Documentary_16,War_17,Thriller_18,Classics_19,Animation_20,Mystery_21,Romance_01,Horror_02,Erotica_03,Art_04,Academic_05,Mystery_06,Crime_07,History_08,Philosophy_09,Poetry_10,Entertainment_11,Comics_12,Architecture_13,Computers_14,Sports_15,News_16,Reference_17,Business_18,Cooking_19,Literature_20,Thriller_21,Adventure_22,Nature_23,Health_24,SciFi_25,Fantasy_26,Medical_27,IPIP_01_E,IPIP_02_A,IPIP_03_C,IPIP_04_N,IPIP_05_O,IPIP_06R_E,IPIP_07R_A,IPIP_08R_C,IPIP_09R_N,IPIP_10R_O,IPIP_11_E,IPIP_12_A,IPIP_13_C,IPIP_14_N,IPIP_15R_O,IPIP_16R_E,IPIP_17R_A,IPIP_18R_C,IPIP_19R_N,IPIP_20R_O,Gender,Age,IPIP_O,IPIP_C,IPIP_E,IPIP_N,IPIP_A,IPIP_O_ordinal,IPIP_C_ordinal,IPIP_E_ordinal,IPIP_N_ordinal,IPIP_A_ordinal,Max,Highest_Scoring_Trait
2,5,5,1,4,2,2,4,4,3,5,4,4,4,3,5,4,5,4,5,4,5,3,3,4,3,4,3,4,4,5,4,5,5,3,3,4,4,4,3,5,4,4,5,4,4,4,3,1,4,2,5,3,1,5,1,5,4,2,5,4,5,1,1,5,1,5,1,1,19,9,8,5,20,19,Low,Low,Extremely Low,Extremely High,Extremely High,20,N
4,3,4,5,4,5,4,4,3,5,5,4,5,5,2,3,1,4,4,5,5,4,5,4,4,4,5,5,3,2,3,4,4,3,2,2,1,3,1,5,1,5,4,4,3,5,4,1,3,4,2,4,3,5,4,2,4,2,4,4,4,4,1,3,5,1,3,2,1,20,8,9,15,15,17,Low,Low,High,High,Very High,17,A
4,3,3,2,1,5,3,1,1,1,4,4,4,3,1,4,5,3,2,4,4,3,4,3,2,2,3,4,1,2,2,2,3,1,1,1,4,3,1,1,4,3,3,2,1,3,3,2,2,4,2,4,3,1,5,2,4,3,3,4,3,5,4,2,5,2,4,3,1,20,13,9,8,17,18,Neither high nor low,Low,Low,Very High,Very High,18,A
4,4,5,5,3,5,4,3,3,2,4,4,5,4,2,4,2,4,3,5,4,4,5,4,3,3,5,5,3,3,2,5,4,3,3,4,2,2,2,4,4,5,5,3,5,4,4,3,4,4,2,2,2,2,5,2,2,2,2,3,2,2,4,4,5,2,2,1,1,20,9,8,12,8,17,Low,Low,Neither high nor low,Low,Very High,17,A
3,4,4,1,4,4,2,3,4,4,5,5,5,5,3,4,3,4,5,4,5,5,4,5,4,4,5,5,4,4,4,4,4,3,3,3,3,3,3,3,5,5,5,4,3,5,3,3,3,4,4,5,3,2,5,3,4,5,2,3,5,4,3,3,5,5,4,4,1,20,15,17,10,17,17,High,Very High,Low,Very High,Very High,17,C
4,3,4,1,1,1,1,4,4,2,2,4,4,4,1,4,1,4,1,4,4,2,1,1,4,4,4,1,1,1,1,4,4,1,1,1,1,1,1,1,1,1,4,1,1,1,1,1,4,4,4,4,2,2,4,4,4,2,4,4,2,2,4,2,4,4,2,4,1,27,12,14,12,12,16,Neither high nor low,High,Neither high nor low,Neither high nor low,High,16,A
4,3,3,1,2,1,2,1,2,1,5,5,5,4,1,4,2,3,1,5,4,3,1,3,2,4,4,1,2,4,2,4,3,3,3,1,3,4,1,3,1,3,4,4,5,4,3,3,3,4,4,5,3,1,5,2,4,3,5,5,3,4,4,4,5,4,4,3,1,26,13,13,13,17,19,Neither high nor low,Neither high nor low,Neither high nor low,Very High,Extremely High,19,A
3,4,5,5,2,5,4,3,1,1,2,4,4,4,1,1,1,4,2,1,5,4,4,4,3,1,4,4,3,4,1,4,2,3,3,1,1,3,1,1,2,4,4,3,4,2,5,3,3,4,2,3,4,1,4,5,3,4,3,4,4,3,2,2,4,5,4,3,1,22,13,16,9,13,16,Neither high nor low,High,Low,Neither high nor low,High,16,C
4,5,4,4,2,3,5,2,2,4,4,4,4,4,2,3,1,3,3,4,3,5,3,3,3,3,3,3,3,3,3,4,3,3,3,3,3,3,3,4,4,3,3,3,3,3,3,3,5,4,3,4,3,4,4,2,3,3,5,4,4,4,3,1,5,4,4,3,1,20,12,13,15,15,17,Neither high nor low,Neither high nor low,High,High,Very High,17,A
2,3,3,2,4,5,2,3,4,2,4,5,1,1,4,5,2,4,5,4,4,3,2,1,4,5,4,4,5,4,4,3,3,3,1,4,3,5,1,2,4,4,2,4,1,1,5,1,4,5,4,5,4,4,5,2,4,5,5,5,3,3,4,4,5,3,5,4,1,25,17,12,17,17,20,Very High,Neither high nor low,Very High,Very High,Extremely High,20,A
4,4,4,1,3,1,2,4,4,4,3,3,5,3,2,3,2,2,4,5,2,4,2,2,2,3,2,2,3,2,3,3,4,2,2,3,3,3,2,2,4,2,2,2,2,3,2,2,3,4,4,3,3,4,4,3,4,3,4,4,3,2,3,2,4,3,2,3,1,21,12,13,13,11,16,Neither high nor low,Neither high nor low,Neither high nor low,Neither high nor low,High,16,A
3,3,4,3,4,4,3,3,5,2,5,5,3,5,3,3,4,4,5,1,4,3,3,3,4,4,3,2,3,4,5,3,1,1,1,1,1,1,1,1,4,4,3,3,1,1,1,1,4,4,4,5,4,5,4,3,4,4,4,3,3,4,3,4,3,4,5,3,1,21,14,14,17,18,14,High,High,Very High,Very High,High,18,N
4,5,4,4,2,5,5,2,2,3,2,4,5,5,1,5,2,4,3,5,5,4,3,5,3,3,3,5,2,2,2,5,4,3,2,4,3,3,2,4,3,4,4,5,4,3,3,2,4,4,3,3,5,5,4,4,3,4,5,4,5,4,3,4,5,4,4,2,1,21,14,16,18,14,17,High,High,Very High,High,Very High,18,E
4,4,4,2,1,1,1,4,2,4,1,2,5,4,1,2,2,1,1,5,1,4,1,2,4,4,1,1,4,1,1,4,4,1,1,1,4,1,1,4,4,1,4,1,4,1,1,1,5,5,2,1,4,5,2,4,2,5,4,5,4,1,3,4,5,4,1,5,1,25,17,14,18,5,17,Very High,High,Very High,Extremely Low,Very High,18,E
4,4,3,3,4,5,3,5,4,4,4,5,5,5,4,5,4,5,5,5,5,4,5,3,4,4,5,5,3,3,2,5,5,2,5,5,4,5,3,5,5,5,5,5,4,5,5,5,4,4,2,5,4,3,5,2,4,5,5,4,4,1,4,5,5,4,1,4,1,21,17,12,17,11,18,Very High,Neither high nor low,Very High,Neither high nor low,Very High,18,A
4,5,4,4,1,5,5,3,3,4,4,4,4,5,3,3,3,4,4,4,5,5,5,4,3,1,5,5,1,1,3,4,5,1,1,1,3,3,1,4,4,5,5,5,4,5,5,3,4,4,2,5,5,4,5,2,3,4,3,5,4,4,2,3,5,4,4,5,1,21,16,12,14,16,19,High,Neither high nor low,High,High,Extremely High,19,A
3,5,4,4,2,5,3,3,2,1,1,2,4,2,1,2,1,4,2,1,4,4,4,3,3,4,5,5,2,3,3,3,3,2,1,1,3,3,2,4,5,4,3,2,5,2,4,3,4,4,2,4,4,4,4,4,3,4,3,4,5,3,3,3,4,5,3,3,1,22,14,16,14,13,16,High,High,High,Neither high nor low,High,16,C
4,5,4,1,2,4,1,3,4,1,3,4,5,5,1,4,2,4,1,5,4,5,3,1,4,1,4,4,3,4,4,4,4,3,2,2,2,2,4,4,4,4,4,3,4,3,3,3,3,5,4,4,4,1,4,2,2,3,2,4,3,4,2,2,5,2,4,5,1,22,14,11,8,14,18,High,Neither high nor low,Low,High,Very High,18,A
3,2,4,4,1,5,3,3,1,2,4,5,5,5,4,1,4,4,3,5,5,1,4,3,3,4,4,5,4,3,2,4,4,5,3,3,4,3,2,4,5,5,5,3,4,5,4,4,4,4,2,3,4,5,3,5,3,4,5,4,5,3,2,4,3,4,3,5,0,22,15,16,18,12,14,High,High,Very High,Neither high nor low,High,18,E
3,4,3,3,3,2,4,3,3,4,4,5,4,5,2,2,1,4,3,4,4,4,2,3,2,4,4,4,3,2,2,4,3,2,2,3,4,4,2,5,4,5,5,3,4,4,4,3,4,4,4,5,4,4,5,4,4,3,4,4,4,5,3,2,5,4,4,3,1,21,13,16,14,18,18,Neither high nor low,High,High,Very High,Very High,18,N
3,3,4,5,4,4,4,2,3,4,4,3,4,3,2,5,2,4,2,5,4,4,5,4,3,2,5,5,3,3,3,4,5,3,3,2,3,4,3,5,5,4,4,3,3,3,4,3,4,4,4,4,4,4,5,4,4,4,4,4,4,3,2,4,5,4,2,4,1,22,14,16,16,13,18,High,High,High,Neither high nor low,Very High,18,A
4,5,5,4,3,2,3,2,2,4,4,3,4,4,3,4,3,3,3,5,3,5,3,5,4,4,4,2,4,3,3,4,4,2,2,1,2,4,2,3,4,3,4,3,3,4,3,2,3,4,4,2,4,3,5,3,4,3,3,4,5,3,2,3,5,4,4,4,1,21,13,16,12,13,18,Neither high nor low,High,Neither high nor low,Neither high nor low,Very High,18,A
4,3,2,2,3,2,5,2,3,3,4,5,5,5,5,5,5,5,4,3,3,3,5,4,3,2,4,3,4,3,1,2,3,4,5,2,4,5,2,3,5,4,3,2,1,2,3,4,5,4,4,4,5,5,5,4,4,5,2,3,4,5,4,3,4,4,4,2,0,22,16,16,15,17,16,High,High,High,Very High,High,17,N
4,5,4,4,5,5,5,3,5,5,3,4,4,3,2,2,2,5,3,5,4,4,4,4,3,3,3,4,4,2,4,4,4,2,2,2,2,2,2,4,4,3,3,3,4,3,3,3,5,4,3,3,4,5,5,4,4,4,4,4,5,4,3,5,5,4,4,3,1,21,14,16,19,15,18,High,High,Extremely High,High,Very High,19,E
5,5,5,4,3,5,5,2,3,1,4,3,3,2,1,5,2,4,4,2,5,4,4,5,1,2,5,5,4,3,1,2,4,2,2,1,4,4,3,5,3,4,3,3,4,3,3,3,4,5,2,5,3,5,5,3,4,3,3,5,5,4,3,3,5,4,4,3,1,21,12,14,15,17,20,Neither high nor low,High,High,Very High,Extremely High,20,A
3,5,5,5,2,5,3,5,4,1,3,1,5,1,1,5,1,5,5,5,5,2,5,4,5,5,4,5,4,5,5,2,4,4,1,1,5,5,1,5,5,1,1,5,5,2,2,5,3,5,4,5,5,3,5,5,4,4,5,5,5,3,2,2,5,2,4,5,1,22,16,16,13,16,20,High,High,Neither high nor low,High,Extremely High,20,A
5,5,4,1,2,4,3,4,2,4,4,4,5,5,3,4,3,4,3,5,4,5,3,4,5,4,4,4,3,2,4,5,5,4,4,2,2,2,2,5,5,5,5,4,5,4,3,4,4,5,2,4,5,2,4,2,4,2,5,3,5,1,4,3,5,5,2,3,1,23,14,14,14,11,17,High,High,High,Neither high nor low,Very High,17,A
5,1,2,5,4,5,3,4,4,5,5,5,5,5,3,3,5,5,4,5,5,3,4,3,4,4,5,5,3,5,5,5,5,3,3,5,4,3,3,4,5,5,5,5,4,5,5,3,4,5,2,3,3,4,5,2,3,3,4,4,3,4,2,2,4,2,4,4,1,21,12,9,14,14,18,Neither high nor low,Low,High,High,Very High,18,A
5,5,4,5,2,3,4,4,2,3,2,4,5,5,3,4,2,5,5,5,5,5,5,4,2,3,5,4,2,1,1,4,5,2,5,4,4,3,1,5,5,5,5,3,2,1,3,4,3,5,2,2,2,2,5,1,3,2,3,4,5,4,2,1,5,5,4,5,1,23,11,13,9,13,19,Neither high nor low,Neither high nor low,Low,Neither high nor low,Extremely High,19,A
4,5,5,5,2,3,4,4,2,4,2,2,4,4,2,2,4,4,5,5,4,5,5,4,2,3,4,4,2,3,2,4,5,2,3,1,4,3,2,5,4,2,2,2,1,1,4,3,4,4,4,5,2,5,5,4,3,1,4,5,4,3,3,4,5,4,3,3,1,21,9,16,17,14,19,Low,High,Very High,High,Extremely High,19,A
5,5,4,1,3,5,4,4,3,4,4,5,5,5,1,4,2,4,1,5,5,4,1,4,2,4,4,4,1,1,1,5,5,1,3,2,5,5,1,5,5,5,5,4,4,4,4,3,5,5,3,3,2,3,5,5,2,1,3,4,5,3,2,2,5,5,5,4,1,21,9,18,13,13,19,Low,Very High,Neither high nor low,Neither high nor low,Extremely High,19,A
4,3,5,5,4,5,3,4,5,4,5,5,5,5,4,5,5,5,4,5,5,3,5,3,3,2,5,4,4,2,2,5,4,3,3,2,2,3,2,4,2,4,4,5,3,5,4,4,4,4,4,1,1,2,2,5,5,2,1,4,4,2,2,1,5,5,2,5,1,22,10,18,8,10,15,Low,Very High,Low,Low,High,18,C
4,3,2,5,5,4,4,5,4,2,5,1,3,4,3,5,3,3,5,5,3,1,5,5,5,2,2,4,5,5,5,3,5,3,1,1,4,4,1,4,5,2,4,5,2,5,2,4,2,5,4,3,5,1,5,4,4,4,5,5,4,3,2,2,5,4,4,5,1,21,16,16,10,14,20,High,High,Low,High,Extremely High,20,A
2,1,2,5,4,5,4,5,5,1,5,3,3,3,2,4,2,4,5,3,5,1,5,5,5,4,5,5,4,4,4,3,2,2,2,1,2,4,3,4,5,4,4,5,5,5,4,3,2,4,4,2,4,2,5,5,2,5,2,4,5,2,2,2,5,5,2,4,1,21,15,19,8,8,18,High,Extremely High,Low,Low,Very High,19,C
4,4,4,3,4,4,3,3,3,3,4,4,4,4,4,4,4,4,4,5,4,4,4,4,4,3,4,4,3,4,3,4,4,3,4,3,4,4,3,4,4,4,4,4,5,4,4,4,3,4,4,3,3,4,5,4,3,3,4,4,5,3,2,3,4,4,4,3,1,21,11,17,14,13,17,Neither high nor low,Very High,High,Neither high nor low,Very High,17,C
3,3,3,4,5,5,4,2,5,1,1,5,4,5,4,5,5,5,4,4,5,2,5,4,5,4,5,5,5,2,4,3,4,1,3,4,5,4,3,2,4,4,4,3,4,3,5,4,4,4,4,2,3,5,5,5,2,4,4,4,4,2,2,2,5,5,2,4,1,22,13,18,15,8,18,Neither high nor low,Very High,High,Low,Very High,18,C
4,5,4,5,1,4,3,3,3,4,4,4,4,4,3,4,4,4,4,4,4,4,4,4,4,4,4,4,4,4,4,4,4,4,4,4,4,4,4,4,4,4,4,4,4,4,4,4,4,4,4,4,4,5,2,5,5,1,5,4,4,2,4,4,4,4,2,2,0,27,11,17,18,13,14,Neither high nor low,Very High,Very High,Neither high nor low,High,18,E
4,4,4,1,2,1,1,3,3,4,4,4,5,4,3,3,2,1,5,5,4,5,1,2,4,3,3,1,2,5,5,5,3,1,2,2,3,3,2,3,5,2,2,3,3,3,3,3,4,4,4,2,3,4,4,4,4,3,4,4,4,2,3,1,5,4,2,4,1,19,13,16,13,10,17,Neither high nor low,High,Neither high nor low,Low,Very High,17,A
4,5,4,3,4,4,1,3,4,4,4,4,4,4,3,4,4,5,3,5,5,5,5,2,4,4,4,5,4,3,4,5,4,3,3,3,3,4,1,4,4,4,4,4,4,5,5,3,3,5,3,4,5,2,5,3,3,3,3,5,4,3,4,1,5,4,3,5,1,21,17,14,9,13,20,Very High,High,Low,Neither high nor low,Extremely High,20,A
4,4,4,1,5,2,3,2,5,2,2,3,5,3,3,4,3,3,3,5,3,2,1,3,3,3,2,2,4,3,4,3,3,2,2,2,5,4,1,3,4,3,3,2,1,1,1,1,4,4,4,2,3,5,5,3,2,4,4,4,3,3,3,3,5,5,4,3,1,21,13,15,16,11,18,Neither high nor low,High,High,Neither high nor low,Very High,18,A
4,4,5,1,1,4,3,2,2,2,4,4,2,4,1,4,2,3,2,4,4,5,4,4,3,2,4,4,2,2,2,4,4,2,2,2,4,4,2,4,2,4,4,3,2,4,5,2,5,5,4,4,4,3,4,4,4,3,4,5,4,4,2,1,4,4,4,3,1,21,12,16,13,16,18,Neither high nor low,High,Neither high nor low,High,Very High,18,A
1,3,3,4,1,4,2,2,2,4,4,4,5,5,1,1,2,2,3,5,5,4,3,3,2,2,4,4,3,2,1,3,2,2,2,2,4,4,1,1,4,3,4,2,3,4,3,2,2,2,2,3,4,2,5,2,1,5,3,3,2,1,4,3,4,2,2,5,1,19,18,8,10,7,14,Very High,Low,Low,Very Low,High,18,O
4,5,4,1,4,1,4,5,1,1,5,4,4,4,1,4,2,3,3,5,4,4,3,4,4,4,4,3,3,4,4,5,5,2,2,4,1,1,4,5,4,4,4,4,5,5,4,4,4,4,4,4,3,2,4,5,5,4,4,4,5,4,3,3,4,5,4,3,1,21,13,19,13,17,16,Neither high nor low,Extremely High,Neither high nor low,Very High,High,19,C
2,5,4,1,2,4,3,2,3,4,2,2,5,3,2,4,2,2,1,4,4,5,2,2,5,3,3,3,2,1,4,3,2,1,0,3,3,4,3,3,3,2,2,2,3,2,1,1,2,2,1,4,3,5,5,3,4,2,2,5,3,5,3,2,4,4,5,3,1,19,11,11,11,18,16,Neither high nor low,Neither high nor low,Neither high nor low,Very High,High,18,N
4,5,5,2,4,3,3,4,4,5,3,4,5,5,1,3,2,4,4,5,4,5,4,4,3,4,5,4,4,4,5,5,5,2,1,1,4,3,3,5,5,5,5,3,4,4,4,3,5,4,4,2,3,4,4,5,2,5,5,5,5,4,2,3,4,5,4,4,1,22,14,19,17,12,17,High,Extremely High,Very High,Neither high nor low,Very High,19,C
4,4,4,5,4,4,5,2,2,2,3,4,4,4,4,3,3,4,4,4,4,4,4,2,2,1,4,4,4,4,2,4,2,1,1,1,1,1,1,2,2,4,4,3,4,4,4,4,3,4,2,4,4,3,2,2,4,3,3,5,3,4,3,4,5,3,4,3,1,21,13,10,13,16,16,Neither high nor low,Low,Neither high nor low,High,High,16,N
4,4,5,1,4,3,4,3,4,2,5,4,4,4,2,3,2,4,4,3,5,4,3,4,3,4,4,4,4,4,4,4,4,2,2,2,4,4,2,2,4,4,4,2,2,5,4,2,2,3,2,4,4,2,3,2,4,5,2,4,4,4,4,2,3,4,4,4,1,33,17,12,8,16,13,Very High,Neither high nor low,Low,High,Neither high nor low,17,O
4,5,5,5,2,4,3,5,1,5,3,4,5,4,2,4,3,2,2,5,4,5,5,5,4,3,4,3,2,1,5,5,5,2,1,1,1,2,1,3,4,4,4,2,4,3,3,3,4,3,3,5,5,1,4,2,4,4,3,3,5,5,4,2,5,2,5,5,1,21,18,12,10,19,15,Very High,Neither high nor low,Low,Extremely High,High,19,N
4,4,4,1,1,4,3,2,2,2,4,4,2,4,1,4,2,3,2,4,4,4,3,4,3,2,4,4,2,1,2,3,4,1,2,2,4,4,1,4,1,5,5,5,3,4,5,4,5,5,4,5,4,3,5,5,4,3,5,5,4,4,4,2,5,5,4,3,1,20,14,18,15,17,20,High,Very High,High,Very High,Extremely High,20,A
4,4,4,1,3,2,2,2,2,4,3,4,5,4,3,4,3,4,3,5,4,4,4,3,3,3,4,4,4,3,3,5,5,1,2,1,3,4,2,5,5,4,4,4,4,3,4,3,4,5,4,4,4,3,4,4,3,5,4,4,4,3,4,2,4,4,3,4,1,21,17,16,13,13,17,Very High,High,Neither high nor low,Neither high nor low,Very High,17,O
4,4,5,4,1,5,3,3,3,3,5,5,4,5,3,4,5,4,4,4,5,4,3,3,4,5,5,3,3,3,4,3,2,2,2,2,2,2,2,2,2,5,5,2,4,4,5,2,4,4,2,5,3,4,4,2,3,4,3,5,4,3,2,2,4,3,3,4,1,22,13,11,13,14,17,Neither high nor low,Neither high nor low,Neither high nor low,High,Very High,17,A
4,5,4,4,3,4,3,3,4,4,3,4,4,4,2,4,1,3,4,4,4,5,4,3,4,4,4,4,3,3,5,3,3,2,1,1,1,1,1,3,5,4,3,3,4,3,3,2,3,5,2,5,5,3,5,3,4,5,3,5,3,5,4,2,5,2,5,5,1,22,19,10,11,19,20,Extremely High,Low,Neither high nor low,Extremely High,Extremely High,20,A
5,4,3,1,4,1,1,1,1,1,2,4,5,5,3,4,1,3,3,5,5,5,2,1,3,4,5,5,4,4,4,4,3,3,3,4,4,5,5,5,5,5,4,5,5,3,3,3,5,4,2,5,5,5,2,2,4,4,3,3,5,3,3,4,4,3,3,4,1,21,16,12,17,15,13,High,Neither high nor low,Very High,High,Neither high nor low,17,E
4,5,5,3,4,5,4,3,3,3,4,4,4,5,3,2,2,3,2,4,4,4,4,4,4,3,4,4,3,3,3,4,4,3,2,2,2,2,2,3,4,4,4,3,3,4,4,3,3,4,3,2,4,3,5,3,4,5,4,4,4,4,4,3,4,5,4,3,1,22,16,15,13,14,17,High,High,Neither high nor low,High,Very High,17,A
2,5,5,3,3,5,5,2,5,2,2,4,4,4,2,2,2,2,2,5,2,5,1,5,1,1,2,1,5,1,1,1,1,1,1,1,1,1,1,4,1,1,1,1,1,1,1,1,5,5,4,1,5,5,5,5,4,5,5,5,4,1,5,5,5,5,1,5,1,21,20,18,20,7,20,Extremely High,Very High,Extremely High,Very Low,Extremely High,20,O
4,3,3,4,2,5,4,3,2,4,4,5,5,5,2,1,1,5,1,5,5,4,4,4,1,1,5,5,1,1,1,5,3,1,1,1,1,1,1,3,4,5,5,3,4,3,5,4,4,3,3,5,4,3,4,4,4,4,2,4,4,5,4,4,4,3,5,5,1,21,17,14,13,19,15,Very High,High,Neither high nor low,Extremely High,High,19,N
4,5,4,1,2,2,3,1,2,2,4,4,4,3,1,1,1,5,2,4,3,4,1,4,3,2,1,1,1,1,1,4,4,2,1,3,2,1,2,4,5,1,2,1,1,2,1,1,4,5,5,3,2,4,2,5,2,3,2,4,4,2,2,1,4,4,3,3,1,21,10,18,11,10,15,Low,Very High,Neither high nor low,Low,High,18,C
5,5,5,5,4,5,3,1,2,1,4,5,5,4,1,4,1,5,1,4,5,5,5,3,5,4,5,5,4,4,4,2,1,1,1,1,3,2,1,4,4,4,4,4,4,1,2,1,3,4,3,2,4,2,5,5,4,4,4,3,5,4,3,1,5,5,4,4,1,21,15,18,10,14,17,High,Very High,Low,High,Very High,18,C
4,3,4,4,4,4,3,2,4,2,4,4,5,5,4,4,4,2,4,5,4,2,4,5,3,4,4,5,4,4,3,5,5,3,2,4,2,4,1,3,4,4,4,4,4,5,4,2,4,4,4,5,4,4,5,4,3,4,5,4,2,3,5,3,5,3,5,5,1,21,18,13,16,16,18,Very High,Neither high nor low,High,High,Very High,18,O
3,3,3,2,5,4,3,3,4,3,3,4,4,4,3,4,4,4,3,3,3,3,2,3,3,3,3,4,4,3,3,3,4,3,3,4,5,4,4,3,3,3,4,3,3,3,3,3,4,4,4,4,3,2,4,4,3,2,5,4,4,4,3,2,5,5,4,4,0,22,12,17,13,15,17,Neither high nor low,Very High,Neither high nor low,High,Very High,17,C
5,5,4,5,3,5,4,3,3,5,3,5,5,5,2,3,1,5,3,5,5,4,5,4,3,4,5,5,3,3,3,4,3,2,2,2,2,3,3,3,4,5,5,3,3,4,5,4,5,5,3,5,4,5,5,2,4,5,5,4,4,5,4,5,5,1,3,5,1,21,18,10,20,17,19,Very High,Low,Extremely High,Very High,Extremely High,20,E
4,5,3,1,3,4,2,3,2,2,3,4,5,4,1,2,2,4,3,5,5,5,4,5,3,3,4,4,3,3,4,4,3,2,2,2,1,2,2,4,5,4,4,4,3,3,4,2,3,5,4,4,4,1,5,5,4,4,3,4,3,2,4,2,5,3,4,5,1,21,17,15,9,14,19,Very High,High,Low,High,Extremely High,19,A
3,4,5,2,3,3,2,2,2,2,4,3,4,3,2,2,1,3,3,3,4,3,3,2,2,2,4,4,3,2,1,2,4,1,1,1,2,2,1,1,3,4,4,3,1,4,5,2,2,4,3,5,3,2,4,3,4,3,2,4,4,3,3,1,5,2,5,4,1,21,13,12,7,17,17,Neither high nor low,Neither high nor low,Very Low,Very High,Very High,17,N
5,5,5,4,4,5,5,3,4,3,1,4,4,4,3,4,3,4,4,4,4,5,5,3,2,2,5,5,4,3,3,4,3,1,1,1,3,3,1,4,5,5,5,3,4,1,4,1,3,5,3,4,4,2,5,4,2,5,3,5,4,2,3,3,5,1,3,4,1,21,16,12,11,11,20,High,Neither high nor low,Neither high nor low,Neither high nor low,Extremely High,20,A
5,5,4,4,3,4,4,2,3,5,1,4,5,5,2,1,1,4,4,5,5,5,4,5,5,1,5,4,3,2,3,4,3,1,1,2,1,1,1,3,4,4,4,3,3,1,5,2,5,5,2,5,5,5,5,5,5,4,5,5,4,5,5,3,5,1,5,5,1,21,19,12,18,20,20,Extremely High,Neither high nor low,Very High,Extremely High,Extremely High,20,N
4,5,5,4,3,3,5,3,2,2,5,1,3,2,1,1,1,5,3,4,5,5,5,4,3,2,5,4,3,3,2,4,3,2,1,4,3,3,2,2,2,4,3,2,4,3,5,2,3,2,4,5,5,4,5,4,4,4,5,4,5,5,4,1,5,2,4,2,1,22,15,15,13,18,16,High,High,Neither high nor low,Very High,High,18,N
4,5,3,1,2,5,2,3,1,2,4,5,5,5,2,4,2,5,3,3,5,5,1,5,3,4,5,5,1,3,2,5,3,3,1,2,3,4,3,4,5,5,5,3,3,1,5,3,4,5,3,5,3,4,5,3,4,4,5,5,4,5,4,4,5,5,4,3,1,21,14,15,17,18,20,High,High,Very High,Very High,Extremely High,20,A
4,4,4,3,4,3,4,2,2,1,2,4,2,5,2,2,1,5,2,2,5,4,4,4,2,2,4,4,2,2,2,2,2,2,1,4,2,2,2,3,2,4,4,2,2,2,4,2,3,4,3,2,4,3,5,3,3,5,3,4,2,3,5,4,5,4,3,3,1,22,17,12,13,11,18,Very High,Neither high nor low,Neither high nor low,Neither high nor low,Very High,18,A
5,5,5,4,3,5,3,2,2,4,4,5,5,5,2,2,4,4,4,5,5,4,5,4,4,3,5,5,3,2,2,5,5,3,3,3,2,2,2,4,4,5,5,3,3,5,5,3,3,5,1,3,4,4,5,1,1,4,4,4,4,5,3,2,5,1,4,4,1,21,15,7,13,13,19,High,Very Low,Neither high nor low,Neither high nor low,Extremely High,19,A
5,5,4,1,2,5,2,1,4,3,2,5,5,5,1,5,2,5,4,4,3,5,1,5,1,1,5,4,3,2,1,5,2,1,5,2,2,1,2,5,5,5,5,4,5,2,5,5,5,1,2,5,5,1,1,3,4,5,1,1,5,4,4,4,1,3,5,4,1,22,18,13,11,18,4,Very High,Neither high nor low,Neither high nor low,Very High,Extremely Low,18,O
1,1,1,1,1,1,1,2,3,4,1,1,1,1,1,5,2,1,1,1,1,4,1,2,3,1,2,4,1,1,1,1,2,1,2,3,4,1,2,1,1,1,2,4,1,2,3,4,4,4,2,1,2,4,5,4,3,3,3,4,5,3,3,4,5,5,3,3,1,21,11,16,15,10,18,Neither high nor low,High,High,Low,Very High,18,A
4,4,5,3,3,4,4,3,4,2,5,5,5,5,3,3,4,4,4,5,5,3,3,3,4,3,4,4,3,3,3,3,5,3,3,3,3,4,3,5,5,5,5,4,4,5,5,5,3,4,4,5,5,2,4,3,3,4,4,5,3,3,4,4,5,3,5,4,0,21,17,13,13,16,18,Very High,Neither high nor low,Neither high nor low,High,Very High,18,A
1,1,2,4,5,4,5,2,4,1,5,5,5,5,4,4,5,5,3,4,5,2,4,3,2,1,5,5,4,5,3,4,5,1,1,5,3,2,1,4,2,5,5,1,3,5,5,1,5,5,2,3,5,5,5,2,4,3,5,4,3,2,2,5,5,3,3,5,0,21,15,10,20,12,19,High,Low,Extremely High,Neither high nor low,Extremely High,20,E
2,4,5,2,4,4,1,1,1,1,4,5,5,3,3,4,4,5,1,1,4,4,4,5,2,3,4,5,5,5,1,1,1,1,1,5,2,1,1,2,2,4,5,1,4,3,5,2,4,4,2,4,4,2,4,4,1,4,4,3,4,4,4,2,3,2,4,4,0,21,16,12,12,13,14,High,Neither high nor low,Neither high nor low,Neither high nor low,High,16,O
3,4,5,3,3,3,2,4,4,2,5,5,2,5,3,3,3,3,2,2,5,5,5,3,3,3,5,4,3,4,2,4,3,2,1,3,4,4,2,3,1,4,4,1,3,4,2,3,3,4,4,3,5,1,4,4,5,4,3,4,3,4,4,2,5,3,2,5,1,21,18,14,9,14,17,Very High,High,Low,High,Very High,18,O
3,3,3,1,3,5,3,4,4,1,5,5,4,5,2,4,1,5,4,4,5,3,1,4,5,4,5,5,4,5,4,4,4,3,2,5,5,5,4,4,4,5,5,4,4,5,5,5,5,5,4,5,5,3,5,2,2,3,4,4,5,3,4,2,5,4,3,4,1,21,16,15,14,13,19,High,High,High,Neither high nor low,Extremely High,19,A
2,4,5,4,3,4,4,3,3,4,5,5,5,5,4,4,5,4,3,5,5,4,4,4,4,5,5,5,4,4,3,4,4,4,4,3,4,4,4,4,3,4,4,4,4,4,5,5,4,4,3,4,4,4,4,2,2,3,5,4,4,2,3,5,5,3,3,5,1,21,15,12,18,11,17,High,Neither high nor low,Very High,Neither high nor low,Very High,18,E
4,4,3,2,1,5,3,1,1,1,4,4,4,4,4,4,3,3,2,4,4,3,4,5,2,2,3,4,1,2,2,2,3,1,1,1,4,3,1,1,4,3,3,2,1,3,3,2,2,5,2,4,3,2,4,2,4,3,3,5,3,4,4,1,5,2,4,3,1,22,13,9,8,16,19,Neither high nor low,Low,Low,High,Extremely High,19,A
5,4,4,3,4,4,3,3,3,4,3,4,3,4,3,3,2,3,1,5,3,4,2,1,1,3,4,2,3,1,3,4,3,1,1,1,4,1,1,4,4,4,4,3,4,3,3,2,2,4,4,2,4,5,3,3,1,3,3,3,5,5,5,5,3,3,2,5,1,21,17,15,15,10,13,Very High,High,High,Low,Neither high nor low,17,O
4,5,5,2,4,2,1,2,4,3,3,4,5,5,3,4,2,4,4,4,2,5,2,1,3,3,2,2,5,3,4,4,4,1,1,1,2,2,1,4,5,5,5,2,3,5,2,3,3,4,2,2,2,2,5,4,3,2,4,4,4,4,2,2,5,4,3,4,1,19,10,14,11,12,18,Low,High,Neither high nor low,Neither high nor low,Very High,18,A
3,4,5,1,4,4,2,4,4,4,4,5,5,5,3,4,3,4,4,5,5,4,3,4,4,5,5,4,4,5,3,4,4,3,3,3,4,5,3,3,4,4,4,4,3,4,5,3,3,4,2,5,2,5,5,4,3,2,5,5,3,3,2,2,4,2,4,2,1,19,8,11,15,15,18,Low,Neither high nor low,High,High,Very High,18,A
5,5,4,2,4,5,1,3,4,3,3,4,4,4,3,4,4,4,3,5,5,5,3,3,3,3,5,5,5,5,4,5,3,3,3,3,3,4,3,4,4,4,4,4,4,3,4,3,4,4,3,5,4,4,4,3,3,3,3,4,4,4,3,3,5,4,3,3,1,18,13,14,14,15,17,Neither high nor low,High,High,High,Very High,17,A
4,5,3,4,4,5,4,1,4,4,5,5,5,5,4,3,4,5,3,4,5,5,5,5,4,4,5,5,4,5,4,4,5,2,1,1,3,3,1,4,4,5,5,4,4,5,5,3,1,4,3,5,5,1,5,3,2,4,5,5,5,3,3,2,5,4,3,5,1,19,17,15,9,13,19,Very High,High,Low,Neither high nor low,Extremely High,19,A
5,5,4,2,3,2,5,4,3,4,3,3,5,4,2,2,1,4,4,5,2,5,1,2,3,4,2,1,1,3,2,5,5,1,4,1,2,4,1,4,5,2,4,4,4,3,2,2,4,4,3,4,5,4,4,5,2,3,4,4,5,5,3,2,5,5,4,4,1,18,15,18,14,15,17,High,Very High,High,High,Very High,18,C
4,5,5,2,2,1,1,3,4,1,4,4,5,4,1,1,2,4,3,5,3,4,3,4,4,4,4,3,4,2,4,5,4,3,1,4,4,3,2,5,4,4,4,2,4,4,3,3,4,5,3,4,5,3,4,3,2,5,4,4,5,4,5,3,5,5,3,5,1,18,20,16,14,13,18,Extremely High,High,High,Neither high nor low,Very High,20,O
4,3,1,1,3,5,2,3,4,4,4,4,5,4,1,5,2,5,3,5,5,2,1,1,3,3,5,5,1,1,3,3,4,1,1,1,3,3,1,4,3,5,5,4,3,5,5,3,3,4,2,2,4,5,5,5,5,3,4,4,4,4,5,3,5,3,5,5,1,19,17,14,15,16,18,Very High,High,High,High,Very High,18,A
5,5,5,3,3,5,5,1,3,5,1,4,5,4,1,1,5,4,3,5,3,5,5,5,3,4,3,5,5,5,3,5,2,2,2,2,4,3,3,4,4,4,2,2,4,3,3,3,3,5,2,3,4,4,5,3,2,4,4,4,5,3,3,2,5,5,3,3,1,21,14,15,13,11,19,High,High,Neither high nor low,Neither high nor low,Extremely High,19,A
5,5,5,2,4,4,1,4,4,3,5,5,5,5,2,4,2,5,4,5,5,5,2,2,4,4,4,5,5,5,5,5,3,3,3,4,4,4,3,5,5,5,5,5,5,5,5,3,2,5,4,2,5,4,5,5,3,4,3,5,5,1,4,2,5,5,5,5,1,18,18,19,11,11,20,Very High,Extremely High,Neither high nor low,Neither high nor low,Extremely High,20,A
4,5,4,4,2,4,3,4,2,3,4,4,4,4,2,5,2,5,3,4,4,5,4,5,3,4,4,4,2,2,2,4,4,2,3,2,3,4,4,4,5,4,5,4,5,4,4,4,4,4,3,4,3,5,5,2,3,3,4,4,4,4,4,2,5,2,5,2,1,18,12,11,15,16,18,Neither high nor low,Neither high nor low,High,High,Very High,18,A
4,4,4,4,4,5,4,3,4,3,4,5,5,5,3,4,4,4,4,5,5,4,4,4,3,2,4,4,3,3,3,4,3,2,2,3,2,4,3,4,4,4,4,3,4,4,4,3,4,4,3,4,4,3,4,2,3,4,3,4,4,3,4,3,5,4,4,4,1,18,16,13,13,14,17,High,Neither high nor low,Neither high nor low,High,Very High,17,A
4,4,5,1,4,2,2,2,3,2,3,4,3,4,3,4,2,3,4,4,4,3,2,3,5,2,3,2,3,4,4,4,3,4,2,4,4,4,3,4,4,3,4,4,4,3,4,3,4,4,3,3,3,5,5,3,3,5,5,4,4,4,1,3,5,4,3,4,1,25,13,14,17,13,18,Neither high nor low,High,Very High,Neither high nor low,Very High,18,A
4,5,4,2,3,5,2,3,4,4,3,5,5,5,1,1,3,4,3,4,3,5,4,3,3,3,4,4,4,3,5,5,4,2,2,2,2,2,2,4,4,4,4,3,4,4,3,0,4,4,4,4,3,4,4,3,4,4,4,4,4,4,3,4,5,4,4,3,1,18,13,15,16,16,17,Neither high nor low,High,High,High,Very High,17,A
4,5,5,1,2,4,3,1,3,4,1,4,4,4,1,1,2,4,4,4,4,4,1,4,3,2,5,5,2,3,4,4,3,3,1,1,2,1,3,5,4,4,4,3,4,4,4,1,4,4,4,5,4,4,4,5,1,4,4,4,5,4,4,2,5,5,2,3,1,18,15,19,14,12,17,High,Extremely High,High,Neither high nor low,Very High,19,C
4,5,4,3,1,5,2,2,3,1,4,3,3,5,1,1,2,4,2,2,5,5,4,5,3,3,4,5,3,2,3,4,3,3,3,3,2,4,3,4,3,5,5,2,4,4,4,1,5,4,3,4,4,5,5,4,3,4,4,3,3,5,3,5,5,3,3,2,1,18,13,13,19,15,17,Neither high nor low,Neither high nor low,Extremely High,High,Very High,19,E
5,5,4,4,4,5,4,3,4,4,4,5,4,4,3,4,4,4,3,4,4,5,5,1,4,3,4,5,4,3,3,4,4,3,5,4,3,4,3,3,3,4,4,4,4,4,4,4,2,4,3,4,4,3,4,4,2,5,3,3,3,4,4,1,4,3,2,4,1,18,17,13,9,12,15,Very High,Neither high nor low,Low,Neither high nor low,High,17,O
4,5,4,3,3,4,3,2,3,1,4,5,5,4,4,2,4,3,3,4,3,5,3,3,3,3,4,4,2,4,1,4,2,1,1,2,1,4,4,2,5,5,5,4,4,3,3,2,5,4,2,3,5,5,5,3,3,4,5,5,4,4,3,4,5,4,5,4,1,18,16,13,19,15,19,High,Neither high nor low,Extremely High,High,Extremely High,19,E
4,2,1,2,1,5,1,3,2,3,5,5,5,5,1,1,2,5,2,3,5,5,2,3,4,2,5,3,2,5,5,5,1,1,1,1,1,2,1,5,5,5,5,1,5,4,1,1,3,4,3,3,3,2,5,5,3,3,2,5,5,3,3,2,5,5,4,4,1,19,13,18,9,13,19,Neither high nor low,Very High,Low,Neither high nor low,Extremely High,19,A
4,3,2,2,2,4,1,2,3,4,5,5,5,5,4,5,4,3,3,5,4,2,4,3,2,1,4,3,1,1,1,4,5,1,1,2,1,1,1,5,1,4,4,3,2,4,4,3,3,4,4,4,5,5,4,2,5,3,4,4,4,5,3,2,5,1,4,5,0,18,16,11,14,18,17,High,Neither high nor low,High,Very High,Very High,18,N
4,4,3,1,3,5,2,3,3,5,4,5,4,5,4,4,5,4,4,5,5,3,4,2,3,3,5,5,4,3,1,4,4,3,3,3,2,4,2,3,4,4,4,4,3,4,5,4,3,4,2,3,3,2,5,4,3,3,2,4,5,3,3,1,5,4,4,3,1,18,12,15,8,13,18,Neither high nor low,High,Low,Neither high nor low,Very High,18,A
1,4,4,3,5,5,3,1,2,1,3,5,2,5,4,4,4,4,3,5,5,5,5,3,2,4,5,5,2,4,3,3,5,1,1,3,4,4,3,4,5,5,5,4,3,4,5,1,4,4,2,3,2,2,4,5,2,2,2,4,4,4,1,4,2,4,4,3,1,18,8,15,12,13,14,Low,High,Neither high nor low,Neither high nor low,High,15,C
5,5,4,5,3,5,3,3,3,3,5,5,4,5,4,3,4,5,5,5,5,5,5,5,2,1,5,5,2,4,1,4,5,5,1,2,1,5,1,5,3,5,5,4,3,5,5,3,2,5,5,5,5,1,5,1,3,5,3,3,4,5,5,2,5,5,4,5,1,18,20,15,8,17,18,Extremely High,High,Low,Very High,Very High,20,O
4,5,5,3,2,5,1,3,3,3,5,5,5,5,2,3,2,5,3,5,5,5,5,5,3,1,5,5,3,2,4,5,3,2,3,1,1,3,1,4,4,5,5,3,2,4,4,5,1,5,2,4,5,5,5,1,5,5,5,5,2,4,4,1,5,1,5,5,1,18,19,6,12,18,20,Extremely High,Very Low,Neither high nor low,Very High,Extremely High,20,A
4,4,5,2,3,5,1,4,3,2,1,3,4,3,2,5,1,1,4,5,4,5,2,5,5,4,3,5,3,1,5,4,2,3,2,1,1,1,1,2,3,4,4,1,1,1,1,1,4,4,1,5,5,5,5,1,5,5,3,4,2,4,4,3,5,2,5,5,1,18,19,6,15,19,18,Extremely High,Very Low,High,Extremely High,Very High,19,O
4,5,4,2,1,4,1,3,2,4,4,4,5,4,3,2,4,4,2,5,4,5,2,4,3,1,4,4,2,2,4,4,5,1,1,1,1,1,1,4,5,5,5,2,4,5,1,1,4,3,2,5,5,5,4,5,3,3,4,4,4,4,3,4,4,3,3,5,1,18,16,14,17,15,15,High,High,Very High,High,High,17,E
5,4,4,1,4,1,2,3,3,4,5,4,5,5,1,4,1,3,3,5,4,5,1,2,4,4,5,1,3,3,4,5,5,3,4,1,4,5,1,5,5,4,5,3,3,5,1,4,3,4,3,5,5,4,4,3,4,3,4,4,5,5,3,1,5,3,5,5,1,18,16,14,12,19,17,High,High,Neither high nor low,Extremely High,Very High,19,N
5,5,4,1,4,2,1,2,3,4,4,5,5,5,3,3,4,4,4,5,4,4,2,1,4,4,3,2,3,3,4,4,3,3,4,4,3,4,4,4,4,4,4,5,5,3,3,4,4,5,3,4,3,4,5,3,2,2,4,3,4,2,3,3,5,3,3,3,1,19,11,13,15,11,18,Neither high nor low,Neither high nor low,High,Neither high nor low,Very High,18,A
5,5,4,1,4,2,1,2,2,4,4,4,5,5,2,5,1,5,2,5,4,5,1,1,4,4,4,4,4,4,4,4,5,3,3,3,4,5,3,4,5,4,4,4,4,4,1,1,5,5,3,4,3,5,5,4,2,2,4,4,5,4,3,3,5,3,1,4,1,19,12,15,17,11,19,Neither high nor low,High,Very High,Neither high nor low,Extremely High,19,A
5,5,4,1,4,2,3,3,4,3,2,2,5,2,3,4,3,3,3,5,2,4,1,3,1,1,1,1,5,5,1,4,4,1,1,1,1,5,1,1,1,1,1,1,1,1,1,1,2,4,2,4,3,3,5,5,4,2,4,4,5,3,4,3,5,5,3,3,1,18,12,17,12,14,18,Neither high nor low,Very High,Neither high nor low,High,Very High,18,A
4,4,5,4,3,3,4,3,2,4,2,3,4,3,2,4,2,4,4,4,3,4,3,5,2,2,2,4,2,4,2,4,3,3,2,1,1,4,2,4,4,3,4,3,3,2,2,2,4,3,3,2,4,4,4,2,3,3,2,4,3,2,4,3,4,4,3,4,1,18,15,12,13,10,15,High,Neither high nor low,Neither high nor low,Low,High,15,O
4,5,4,4,4,5,4,4,3,4,5,5,5,5,3,3,4,5,3,3,5,5,5,1,5,4,5,5,4,5,4,5,3,3,3,3,3,3,3,3,4,4,4,4,4,5,5,3,4,4,3,5,4,4,4,3,4,4,5,5,4,5,3,3,4,3,3,5,1,18,16,13,16,17,17,High,Neither high nor low,High,Very High,Very High,17,N
5,5,4,5,3,5,5,4,4,3,5,5,5,5,1,4,2,5,4,5,5,5,5,5,4,4,5,5,4,4,5,5,3,1,1,1,3,4,2,4,5,5,5,5,4,5,5,5,5,5,5,5,5,5,5,3,2,4,5,5,5,3,5,4,5,3,2,5,1,18,19,16,19,12,20,Extremely High,High,Extremely High,Neither high nor low,Extremely High,20,A
5,5,4,5,4,5,4,4,3,5,5,5,5,5,2,4,4,5,5,5,5,5,5,4,1,2,5,5,4,3,2,4,5,1,1,3,1,4,1,4,4,5,5,5,5,5,5,4,4,5,5,3,5,3,5,5,2,3,4,5,5,2,3,3,5,5,3,5,1,19,16,20,14,10,20,High,Extremely High,High,Low,Extremely High,20,C
4,4,4,2,3,5,1,1,1,2,4,5,4,4,1,3,3,4,4,5,4,4,4,1,4,4,4,4,3,3,4,4,4,2,3,4,4,3,3,4,4,4,4,4,3,4,4,3,4,4,3,4,3,4,4,4,3,3,4,4,4,4,3,3,4,3,4,5,1,19,14,14,15,15,16,High,High,High,High,High,16,A
3,4,5,4,5,5,4,3,2,1,3,4,4,5,3,3,4,4,2,1,4,1,4,4,3,2,4,5,3,2,1,3,3,1,2,1,1,2,3,3,4,5,3,3,4,4,4,2,4,5,3,2,4,2,5,5,1,5,5,4,4,4,3,3,5,5,1,3,1,19,15,17,14,8,19,High,Very High,High,Low,Extremely High,19,A
1,3,4,5,1,5,4,4,2,1,4,4,5,4,4,4,4,5,3,1,5,2,5,4,1,1,5,5,1,2,3,2,1,1,1,1,2,3,1,4,4,3,4,1,1,4,4,3,4,5,3,4,4,4,5,2,2,5,5,4,4,2,3,3,5,5,2,4,1,18,16,14,16,10,19,High,High,High,Low,Extremely High,19,A
1,2,2,4,5,4,4,2,4,2,5,4,3,5,4,4,5,4,3,4,4,2,4,4,2,2,4,4,4,5,2,4,5,2,2,5,2,2,1,4,3,4,5,2,2,5,5,2,5,4,2,3,4,4,4,2,5,4,4,4,2,2,4,4,5,3,3,4,0,21,16,9,17,13,17,High,Low,Very High,Neither high nor low,Very High,17,E
4,4,4,5,3,5,5,1,1,2,4,4,4,4,1,4,2,4,4,5,5,4,5,1,4,4,4,4,3,3,3,4,4,1,3,3,3,4,3,3,4,4,4,4,3,4,4,3,4,4,3,5,4,5,5,5,3,3,4,4,4,5,3,5,5,3,4,5,1,19,15,15,18,17,18,High,High,Very High,Very High,Very High,18,E
5,4,4,1,3,2,2,3,3,1,1,1,4,5,1,4,3,3,2,3,3,4,1,2,1,4,1,4,3,2,2,5,2,2,2,5,4,3,1,1,1,4,4,1,5,3,5,1,5,5,4,4,5,2,5,5,4,3,4,4,5,3,3,2,5,5,2,4,1,18,15,19,13,13,19,High,Extremely High,Neither high nor low,Neither high nor low,Extremely High,19,C
4,4,5,4,2,3,5,4,3,4,4,4,4,5,2,2,2,3,4,5,5,5,4,2,5,2,4,2,2,2,4,4,3,3,3,3,4,4,3,5,5,5,5,5,5,4,4,2,4,5,3,4,5,4,5,5,2,4,4,4,5,3,3,2,5,4,4,5,1,18,17,17,14,13,19,Very High,Very High,High,Neither high nor low,Extremely High,19,A
5,5,4,1,4,1,2,3,4,4,2,4,4,4,1,5,3,4,4,5,4,5,3,3,4,4,3,3,4,3,4,4,2,3,2,2,3,4,3,4,4,2,3,4,5,3,2,2,4,5,3,3,3,4,5,1,2,3,4,5,5,5,4,3,5,5,4,3,1,18,13,14,15,14,20,Neither high nor low,High,High,High,Extremely High,20,A
4,4,4,1,4,5,2,3,3,1,4,5,5,5,1,4,1,5,3,5,5,4,4,3,2,4,4,4,4,4,1,4,5,5,1,4,1,4,1,1,5,5,5,4,4,5,5,4,5,5,4,3,4,2,3,5,3,2,3,4,5,3,3,4,5,5,4,4,1,20,13,19,14,13,17,Neither high nor low,Extremely High,High,Neither high nor low,Very High,19,C
4,4,5,2,4,4,1,2,4,4,4,4,4,4,2,4,1,4,2,4,4,4,2,4,5,4,4,4,4,4,4,4,4,2,2,2,4,4,2,4,4,4,4,4,4,4,4,2,3,4,3,4,3,3,4,4,2,3,4,4,4,3,4,3,4,4,2,3,1,19,13,15,13,11,16,Neither high nor low,High,Neither high nor low,Neither high nor low,High,16,A
4,5,3,2,3,5,2,4,3,5,4,4,4,4,2,4,1,4,2,2,4,5,3,5,3,1,4,5,1,1,1,5,1,1,1,1,4,2,1,4,5,5,5,4,4,4,4,4,5,5,3,5,5,5,5,2,2,3,5,5,5,5,3,5,5,4,3,5,1,18,16,14,20,15,20,High,High,Extremely High,High,Extremely High,20,E
5,5,4,1,2,1,3,3,4,2,2,5,5,5,1,4,1,5,5,4,5,5,1,4,4,2,1,1,1,5,5,5,2,2,1,1,1,1,1,4,5,2,2,3,3,1,1,1,5,5,3,2,4,5,4,3,2,4,5,3,5,3,2,2,5,3,2,4,1,18,14,14,17,9,17,High,High,Very High,Low,Very High,17,E
5,4,4,5,5,5,4,3,5,5,5,3,5,5,1,5,2,5,5,5,5,5,5,4,2,1,5,5,5,4,1,5,5,1,1,1,5,5,1,5,5,5,5,4,5,3,5,4,3,5,5,5,5,5,5,5,3,5,4,5,5,5,4,1,5,1,5,5,1,18,19,16,13,18,20,Extremely High,High,Neither high nor low,Very High,Extremely High,20,A
4,5,3,4,4,3,4,3,3,4,3,3,5,4,3,3,1,2,2,5,3,5,3,3,3,3,5,3,3,5,4,5,4,3,3,3,3,3,3,3,5,3,3,3,3,3,3,3,3,5,3,5,4,2,5,5,5,5,4,5,5,5,2,2,5,5,4,3,1,18,14,18,11,19,20,High,Very High,Neither high nor low,Extremely High,Extremely High,20,A
1,3,1,4,1,2,4,1,1,1,4,5,2,5,3,2,4,4,1,1,4,4,4,5,1,1,4,4,1,1,1,4,1,1,1,5,3,2,1,3,1,4,4,1,5,3,4,2,5,5,3,2,4,2,5,5,1,3,5,4,1,1,4,2,5,5,1,5,0,19,16,14,14,5,19,High,High,High,Extremely Low,Extremely High,19,A
4,3,2,3,4,5,3,2,2,5,5,5,5,5,1,3,2,2,1,5,4,3,3,4,1,3,5,5,5,2,2,3,4,2,2,5,4,2,1,3,3,4,4,3,3,4,4,3,5,4,3,4,4,5,2,5,1,3,4,3,3,3,3,4,5,5,4,5,1,18,15,16,18,12,14,High,High,Very High,Neither high nor low,High,18,E
4,4,5,2,2,5,1,2,2,2,4,5,4,4,2,2,2,4,3,4,4,4,4,4,1,3,4,5,2,2,2,2,3,3,3,2,2,2,2,3,4,4,4,2,2,4,4,2,4,5,2,4,3,4,3,5,5,5,3,5,3,4,2,4,5,4,5,2,1,19,12,14,15,18,18,Neither high nor low,High,High,Very High,Very High,18,N
4,4,4,2,3,5,3,3,3,5,5,5,5,5,4,2,4,4,3,5,5,4,4,2,3,4,5,5,2,4,3,4,4,1,1,2,1,5,1,3,2,5,5,5,5,5,5,3,4,4,3,4,4,5,5,5,5,5,5,5,5,5,5,4,5,5,4,4,1,18,18,18,18,18,19,Very High,Very High,Very High,Very High,Extremely High,19,A
5,5,4,2,2,4,3,3,4,2,4,4,4,4,3,3,2,3,4,5,4,4,3,3,3,3,4,4,3,3,3,4,3,3,2,1,1,4,2,4,4,4,4,3,4,3,3,3,3,5,3,3,4,2,5,3,4,4,4,5,3,5,3,1,5,3,4,4,1,19,15,12,10,16,20,High,Neither high nor low,Low,High,Extremely High,20,A
3,4,5,1,4,4,1,2,2,4,4,4,4,4,2,4,2,2,4,4,2,4,1,2,3,2,4,3,4,1,1,4,4,1,1,1,1,4,1,2,4,4,5,4,4,4,1,1,3,4,1,3,4,2,5,5,2,5,4,4,4,3,5,4,5,5,3,3,1,18,17,15,13,11,18,Very High,High,Neither high nor low,Neither high nor low,Very High,18,A
5,5,4,4,5,5,5,4,4,4,5,5,5,5,3,3,4,5,4,5,5,5,4,4,4,4,4,5,4,5,3,5,4,3,4,4,3,3,3,4,5,5,5,3,4,5,5,5,3,5,3,5,4,4,5,5,3,3,4,5,4,4,2,3,4,2,2,3,1,18,12,14,14,14,19,Neither high nor low,High,High,High,Extremely High,19,A
1,3,4,1,4,5,1,4,4,4,4,5,2,5,4,5,5,5,3,5,5,3,4,1,4,4,5,5,5,4,4,3,5,3,3,5,5,5,3,3,4,5,5,5,5,5,5,4,4,4,3,5,2,4,2,5,3,3,4,4,4,4,5,3,5,5,4,4,1,19,14,17,15,16,15,High,Very High,High,High,High,17,C
3,4,4,4,3,5,5,3,1,1,5,5,5,5,2,2,1,5,3,5,5,4,5,3,2,2,5,5,1,3,3,1,1,1,1,1,1,1,1,3,4,5,5,1,4,5,5,1,4,5,2,4,5,5,5,3,2,3,4,5,3,4,4,3,5,2,4,5,1,18,17,10,16,14,20,Very High,Low,High,High,Extremely High,20,A
3,1,2,3,3,5,1,4,4,1,1,5,3,5,2,3,1,5,4,2,5,1,3,2,2,3,2,5,4,4,1,1,1,5,1,4,3,3,1,4,4,5,5,3,4,5,4,3,4,3,3,1,4,3,5,5,3,4,3,4,3,2,3,4,4,5,2,4,1,18,15,16,14,8,16,High,High,High,Low,High,16,C
1,5,5,2,3,3,2,2,3,3,2,5,2,3,2,2,2,5,3,4,5,4,4,2,2,2,2,4,3,2,2,2,2,1,1,1,3,2,3,2,2,4,4,3,3,2,3,2,4,4,3,4,3,3,3,2,4,3,4,4,4,3,4,2,5,5,3,3,1,19,13,14,13,14,16,Neither high nor low,High,Neither high nor low,High,High,16,A
3,3,3,1,4,4,1,3,4,1,4,4,5,5,1,3,2,3,4,5,3,5,1,3,3,2,4,4,5,4,1,1,1,1,1,1,1,1,3,1,3,4,4,5,3,4,3,1,3,3,3,5,3,4,4,5,2,3,3,3,4,4,2,5,3,3,4,3,1,18,11,15,15,15,13,Neither high nor low,High,High,High,Neither high nor low,15,C
4,3,3,3,3,5,5,2,2,1,3,5,5,5,3,3,4,5,4,5,5,3,5,5,2,3,5,5,2,3,1,4,4,3,1,1,1,3,1,3,4,5,5,3,4,3,5,4,3,5,2,2,3,4,5,5,1,3,3,4,3,3,3,1,5,3,2,2,1,18,11,13,11,8,19,Neither high nor low,Neither high nor low,Neither high nor low,Low,Extremely High,19,A
3,3,5,3,5,5,2,1,4,3,3,5,4,5,4,4,5,4,4,5,4,3,3,3,4,2,4,4,5,3,4,3,4,3,2,2,2,4,2,5,3,4,5,3,4,3,4,3,4,4,3,2,4,5,4,2,3,3,4,4,3,2,3,4,5,3,3,5,1,18,15,11,17,10,17,High,Neither high nor low,Very High,Low,Very High,17,E
4,4,2,2,1,3,1,3,3,3,4,4,4,4,1,2,2,5,4,5,3,4,2,4,3,3,2,2,2,2,2,4,3,3,3,3,2,2,2,4,4,4,4,2,4,4,2,2,4,4,3,4,3,4,5,4,3,2,3,4,4,4,3,2,5,5,4,3,1,19,11,16,13,15,18,Neither high nor low,High,Neither high nor low,High,Very High,18,A
1,3,2,1,1,5,2,2,3,4,3,5,1,5,2,2,2,5,3,4,5,3,3,3,3,3,5,5,2,2,1,4,4,1,1,1,1,3,1,1,1,5,5,1,3,1,5,1,4,4,3,5,5,5,5,2,2,4,4,4,4,4,3,3,5,4,5,5,1,19,17,13,16,16,18,Very High,Neither high nor low,High,High,Very High,18,A
3,4,5,4,1,5,5,2,2,2,3,4,4,4,1,1,2,4,1,4,4,4,4,3,2,4,4,4,1,1,3,4,4,3,3,3,3,3,3,3,3,4,4,3,4,3,4,4,3,4,3,4,3,2,4,4,3,3,4,4,3,5,3,1,4,5,3,3,1,18,12,15,10,15,16,Neither high nor low,High,Low,High,High,16,A
3,4,5,2,3,5,1,1,3,3,4,5,4,5,1,2,3,4,1,5,5,4,2,3,3,2,4,4,3,3,2,4,3,2,3,1,3,2,3,4,4,5,5,3,3,3,4,3,5,5,3,2,3,5,5,3,3,3,2,4,3,4,3,5,5,4,4,3,1,18,12,13,17,13,19,Neither high nor low,Neither high nor low,Very High,Neither high nor low,Extremely High,19,A
5,5,4,1,3,4,2,4,3,3,5,5,4,4,1,4,1,4,5,3,4,5,2,3,4,4,4,3,4,4,5,5,4,3,2,1,4,4,3,4,4,4,4,3,4,4,4,3,5,5,4,2,4,5,5,5,1,3,5,5,5,4,3,1,5,5,5,5,1,18,15,19,16,12,20,High,Extremely High,High,Neither high nor low,Extremely High,20,A
2,1,2,5,3,4,5,5,5,1,1,3,2,5,1,4,2,3,3,5,5,3,4,3,3,3,3,4,4,3,3,2,1,1,1,1,5,4,2,1,3,3,3,3,2,2,2,2,3,5,2,5,5,2,5,1,4,3,2,5,3,4,5,2,5,1,5,5,1,18,18,7,9,18,20,Very High,Very Low,Low,Very High,Extremely High,20,A
3,4,5,3,1,1,2,3,4,4,3,3,4,2,1,3,2,4,4,5,4,4,4,3,1,2,3,1,3,2,2,3,4,2,2,2,2,2,2,4,2,3,3,2,2,2,2,2,2,3,2,5,3,1,5,1,4,3,2,3,2,4,2,1,5,3,4,2,1,18,10,8,6,17,16,Low,Low,Very Low,Very High,High,17,N
4,1,1,1,1,1,2,1,3,3,4,5,5,5,4,4,4,4,1,4,1,1,1,5,4,1,3,4,3,1,3,5,5,1,4,5,4,4,1,1,2,5,5,3,4,4,4,3,4,5,2,3,4,5,5,5,5,5,5,4,3,5,5,5,5,5,2,5,0,18,19,15,19,15,19,Extremely High,High,Extremely High,High,Extremely High,19,O
4,3,3,1,4,3,1,4,4,3,2,3,3,3,3,5,3,3,0,5,5,3,1,2,5,5,3,3,4,5,4,4,5,3,4,5,5,4,3,5,4,3,3,5,5,4,3,4,4,4,5,4,4,2,4,5,4,4,3,4,5,4,3,1,4,5,3,4,0,24,15,20,10,15,16,High,Extremely High,Low,High,High,20,C
3,4,4,5,4,3,5,2,4,2,5,3,2,5,4,5,5,4,2,4,5,4,5,4,2,5,4,1,4,5,2,3,4,1,1,2,2,5,1,2,4,2,5,1,1,5,2,4,5,3,2,4,5,4,3,5,3,5,5,3,4,4,4,3,3,4,5,4,0,24,18,15,17,16,12,Very High,High,Very High,High,Neither high nor low,18,O
4,4,5,1,3,3,2,4,3,5,4,4,5,4,3,4,4,3,5,5,4,4,3,4,3,4,3,3,2,2,4,4,5,5,3,4,3,3,3,4,3,3,3,3,4,3,3,3,5,5,5,3,5,4,5,3,2,4,4,4,4,2,4,4,5,4,2,5,1,24,18,16,17,9,19,Very High,High,Very High,Low,Extremely High,19,A
5,5,4,4,4,4,4,4,4,4,2,3,4,4,3,4,3,5,4,3,5,5,4,4,4,4,5,5,4,3,4,4,4,4,4,3,3,4,3,4,5,5,5,3,4,3,5,4,3,5,2,4,4,4,4,5,1,4,3,5,5,3,5,3,5,4,4,4,1,22,17,16,13,12,19,Very High,High,Neither high nor low,Neither high nor low,Extremely High,19,A
4,4,4,3,4,3,3,3,3,2,4,4,4,5,5,3,4,4,3,4,4,4,2,3,2,4,4,1,2,4,4,4,5,3,1,1,2,2,1,3,4,4,5,3,4,3,3,2,4,4,2,4,4,4,5,5,2,5,4,4,4,3,5,4,5,4,4,5,1,23,19,15,16,13,18,Extremely High,High,High,Neither high nor low,Very High,19,O
4,4,5,4,2,1,5,2,2,2,5,5,5,5,1,5,1,5,5,5,5,4,4,4,2,4,5,2,1,4,1,3,2,1,1,1,4,2,1,1,5,5,5,2,3,5,5,4,4,3,2,2,3,4,4,4,1,4,2,3,4,2,4,4,3,5,2,5,1,22,16,15,14,7,13,High,High,High,Very Low,Neither high nor low,16,O
5,5,3,1,2,4,2,1,1,5,4,5,5,5,3,3,3,3,3,5,3,5,1,1,5,3,5,5,2,2,3,2,5,5,2,2,2,5,2,5,2,5,5,2,5,2,5,2,4,4,2,2,3,4,4,3,3,3,4,4,5,4,4,1,4,5,4,4,1,22,14,15,13,13,16,High,High,Neither high nor low,Neither high nor low,High,16,A
1,1,1,1,4,1,1,1,4,1,1,1,1,1,1,4,1,1,1,1,1,3,3,3,4,5,3,3,4,3,4,3,3,3,3,1,4,4,3,5,4,3,3,5,5,3,3,3,3,4,4,3,3,3,4,1,3,2,3,4,4,3,4,2,5,5,3,5,1,22,14,14,11,12,17,High,High,Neither high nor low,Neither high nor low,Very High,17,A
5,5,4,1,4,4,2,4,4,4,4,4,5,4,3,4,1,5,4,5,4,4,1,1,4,5,4,4,4,3,4,3,3,3,2,2,4,5,1,5,5,4,4,4,5,2,4,4,3,4,4,3,3,1,5,5,3,1,3,4,5,5,3,1,5,5,3,2,1,22,9,19,8,14,18,Low,Extremely High,Low,High,Very High,19,C
2,4,4,4,4,3,4,1,4,1,4,3,4,5,4,4,2,4,2,5,5,4,4,5,2,4,4,1,5,4,2,3,5,2,1,1,2,5,2,1,4,2,4,2,1,5,2,2,4,3,2,5,4,5,3,4,3,4,5,3,5,5,4,3,3,4,4,4,0,23,16,15,17,17,12,High,High,Very High,Very High,Neither high nor low,17,E
5,5,4,2,2,3,1,3,2,2,4,2,5,2,2,5,3,5,4,4,5,4,4,3,3,4,4,4,3,4,4,4,4,2,3,1,3,4,2,4,4,3,3,4,4,2,4,3,3,4,4,4,3,4,4,3,4,4,3,4,4,4,2,1,5,5,2,4,1,26,13,16,11,14,17,Neither high nor low,High,Neither high nor low,High,Very High,17,A
5,4,2,1,3,4,3,1,4,1,2,5,5,5,1,3,2,5,4,5,5,5,4,5,1,4,4,4,3,1,1,4,4,1,1,1,3,1,1,4,5,4,4,1,1,3,4,1,2,5,3,3,5,2,5,5,2,3,3,5,4,3,2,1,5,5,4,4,1,22,14,17,8,12,20,High,Very High,Low,Neither high nor low,Extremely High,20,A
4,4,2,1,4,4,2,3,4,2,4,4,5,5,3,4,2,2,3,4,4,2,2,4,4,4,4,4,4,5,5,4,3,2,1,1,3,4,4,4,4,4,4,3,4,4,2,2,3,4,4,5,4,3,4,5,2,3,5,4,5,4,3,3,4,4,4,4,1,22,14,18,14,15,16,High,Very High,High,High,High,18,C
4,5,4,3,3,4,3,3,3,4,4,5,5,5,4,4,4,4,4,4,4,5,3,4,3,3,4,4,1,3,3,4,4,3,3,3,3,3,3,4,5,4,4,3,4,3,3,3,4,5,4,3,4,3,5,5,4,3,2,4,4,4,4,2,5,5,3,4,1,22,15,18,11,14,19,High,Very High,Neither high nor low,High,Extremely High,19,A
3,5,2,4,1,3,5,2,1,2,4,3,3,3,1,2,1,4,3,4,4,4,3,3,2,3,4,4,2,4,1,3,1,1,1,1,1,1,1,3,2,3,3,2,0,3,3,1,2,3,4,3,4,3,3,4,4,4,2,3,4,4,4,2,4,5,3,4,1,22,16,17,9,14,13,High,Very High,Low,High,Neither high nor low,17,C
3,5,4,1,2,5,1,3,3,5,2,3,5,5,2,2,1,3,4,5,5,3,4,1,1,1,5,5,1,1,3,5,3,1,1,1,3,3,1,3,3,4,4,1,4,5,4,2,5,5,2,3,3,4,5,4,3,4,4,5,3,3,4,2,5,5,2,4,1,22,15,14,15,11,20,High,High,High,Neither high nor low,Extremely High,20,A
3,4,5,4,1,5,4,2,2,2,4,5,4,5,3,3,3,4,4,4,4,4,4,1,3,4,4,5,3,4,3,3,3,2,0,1,3,3,1,2,4,5,5,3,5,3,4,3,5,4,3,3,3,3,5,2,3,4,4,4,3,2,4,4,5,3,5,4,1,22,15,11,16,13,18,High,Neither high nor low,High,Neither high nor low,Very High,18,A
2,2,3,3,3,4,3,4,4,1,4,5,1,4,2,4,1,5,2,2,5,1,3,1,3,4,3,4,5,3,3,4,4,3,3,3,5,3,3,5,3,4,4,3,4,4,4,3,3,4,5,2,2,2,5,5,4,4,2,3,5,4,2,2,5,3,5,2,0,22,10,18,9,15,17,Low,Very High,Low,High,Very High,18,C
3,3,3,1,5,4,2,4,4,1,3,5,4,5,1,4,1,3,3,4,5,4,3,4,4,3,5,5,4,4,1,3,4,1,1,3,2,2,1,3,4,3,3,1,3,1,1,4,2,3,1,4,1,4,3,1,2,3,2,2,4,4,2,2,4,5,5,2,0,22,8,11,10,15,12,Low,Neither high nor low,Low,High,Neither high nor low,15,N
4,3,2,1,2,4,2,4,4,3,5,5,5,5,3,4,2,3,3,5,5,4,5,3,3,4,5,5,2,2,5,4,3,3,3,3,4,3,3,3,3,4,5,3,4,1,2,3,5,4,4,3,4,4,5,3,4,4,4,4,4,3,4,1,5,3,2,4,1,22,16,14,14,12,18,High,High,High,Neither high nor low,Very High,18,A
4,5,4,1,4,3,1,4,5,3,3,4,5,5,3,5,3,4,4,5,3,5,3,4,5,5,4,4,4,5,5,5,3,3,3,3,3,5,3,4,5,5,5,5,5,4,4,5,5,5,4,3,4,5,5,1,2,1,5,5,5,2,5,3,5,4,4,5,1,22,15,14,18,11,20,High,High,Very High,Neither high nor low,Extremely High,20,A
4,5,4,1,4,4,1,4,4,5,5,5,5,5,3,4,4,4,4,5,4,5,4,4,4,4,4,3,3,3,2,4,4,1,1,1,3,4,1,5,5,5,5,5,5,5,5,5,2,4,2,2,5,2,5,5,3,3,4,3,3,2,4,1,5,5,4,5,1,22,17,15,9,11,17,Very High,High,Low,Neither high nor low,Very High,17,O
4,3,4,4,4,5,5,4,4,3,4,3,4,5,3,3,3,4,3,4,5,3,4,3,3,3,5,5,3,3,3,4,4,3,3,3,3,3,3,4,4,4,4,3,3,4,4,3,4,4,3,3,4,4,4,3,3,3,4,3,3,3,3,4,4,4,3,4,1,22,14,13,16,12,15,High,Neither high nor low,High,Neither high nor low,High,16,E
4,4,4,2,4,3,1,3,4,4,1,3,4,3,4,4,4,3,4,5,4,4,4,2,3,3,4,3,4,3,3,4,4,3,2,3,4,4,2,4,4,3,4,3,3,2,3,3,3,5,4,2,3,3,5,3,3,3,3,5,4,3,4,2,5,5,2,3,1,22,13,16,11,10,20,Neither high nor low,High,Neither high nor low,Low,Extremely High,20,A
3,2,4,5,4,5,4,4,4,1,4,4,3,3,2,3,1,4,4,4,4,2,5,3,3,3,4,4,3,3,3,3,4,2,1,5,3,4,1,2,4,4,4,3,2,3,3,2,2,3,2,4,4,2,5,2,2,2,3,4,3,3,3,2,5,4,3,4,0,22,13,11,9,12,17,Neither high nor low,Neither high nor low,Low,Neither high nor low,Very High,17,A
5,5,5,3,2,5,1,1,3,5,5,4,5,4,1,4,2,4,5,1,5,5,1,4,1,4,5,5,1,4,3,5,1,1,1,2,2,3,3,5,5,2,3,1,5,1,4,2,4,5,5,3,4,5,5,1,4,2,4,5,4,4,1,2,5,4,4,3,1,23,10,14,15,15,20,Low,High,High,High,Extremely High,20,A
3,4,5,4,4,4,5,4,4,4,4,4,3,4,3,4,3,4,4,5,5,4,4,2,4,4,4,4,4,5,5,3,2,1,1,1,2,4,1,1,5,4,4,3,2,4,3,4,4,4,3,5,4,4,4,3,2,4,4,4,5,3,3,4,5,4,3,4,1,22,15,15,16,13,17,High,High,High,Neither high nor low,Very High,17,A
4,3,4,4,4,3,4,2,3,4,5,3,4,4,2,4,3,2,3,4,4,2,3,5,4,4,4,3,4,3,3,4,4,2,3,1,3,3,3,3,3,4,3,3,4,5,3,4,4,4,3,2,4,4,4,3,3,3,4,4,3,3,4,4,4,3,3,5,0,22,16,12,16,11,16,High,Neither high nor low,High,Neither high nor low,High,16,O
2,3,5,4,4,4,5,3,3,1,5,3,3,4,5,5,4,4,5,5,4,1,4,4,3,2,4,3,2,5,3,3,4,3,3,3,4,4,2,4,5,3,5,3,4,5,4,3,5,4,2,4,4,5,5,5,2,5,4,5,4,2,5,5,4,5,5,5,0,23,19,16,19,13,18,Extremely High,High,Extremely High,Neither high nor low,Very High,19,O
4,5,3,3,5,3,1,5,5,5,3,1,5,5,1,1,1,2,5,5,5,5,5,0,1,2,5,5,2,2,5,1,1,1,1,1,3,1,1,2,5,5,5,1,4,4,5,1,5,5,4,2,3,4,5,5,3,1,4,5,4,3,3,3,5,5,2,3,1,23,10,18,16,10,20,Low,Very High,High,Low,Extremely High,20,A
4,5,5,2,2,4,1,5,3,3,3,4,4,4,1,4,2,4,4,4,4,4,2,4,5,4,4,4,2,4,5,4,3,1,1,4,5,4,1,1,4,4,4,4,5,2,4,5,5,4,3,3,2,4,4,4,4,4,5,4,4,4,3,4,5,3,4,2,1,22,11,14,18,15,17,Neither high nor low,High,Very High,High,Very High,18,E
3,3,3,3,4,4,1,1,5,2,5,5,4,5,2,5,2,5,4,4,4,3,5,1,2,5,5,5,5,3,3,5,4,2,5,5,5,3,4,3,5,5,5,3,3,5,5,5,4,4,5,4,4,2,4,5,5,4,4,4,5,3,3,3,5,5,1,5,0,30,16,20,13,13,17,High,Extremely High,Neither high nor low,Neither high nor low,Very High,20,C
3,3,2,4,4,4,4,4,2,1,4,4,4,4,4,3,5,4,3,3,4,3,3,3,3,5,3,3,3,3,1,3,3,1,2,5,4,3,3,2,3,3,3,3,3,3,3,3,3,4,2,2,3,4,4,4,2,3,2,3,4,3,5,2,4,4,3,4,0,22,15,14,11,10,15,High,High,Neither high nor low,Low,High,15,O
2,3,4,3,3,4,2,4,3,4,4,4,3,5,4,4,4,5,5,5,5,2,3,1,4,5,4,4,3,3,3,3,4,1,1,1,3,4,3,1,4,4,5,3,1,4,3,4,3,2,2,2,4,4,4,2,1,5,4,4,2,2,5,2,3,3,4,4,0,22,18,9,13,9,13,Very High,Low,Neither high nor low,Low,Neither high nor low,18,O
4,5,5,5,5,5,4,5,5,5,4,4,4,4,3,5,1,5,5,4,5,3,3,5,4,4,4,4,3,3,3,3,3,3,1,1,3,2,1,3,4,3,3,1,2,3,3,2,3,4,2,4,5,3,3,2,4,4,3,4,4,4,4,3,3,4,5,4,0,22,17,12,12,17,14,Very High,Neither high nor low,Neither high nor low,Very High,High,17,O
4,4,5,4,2,3,4,3,2,3,4,2,3,4,2,3,1,4,4,3,4,3,5,4,2,3,4,4,1,1,3,3,5,2,2,1,4,3,2,3,3,3,4,5,4,5,4,2,3,3,2,2,4,4,4,4,3,1,5,5,4,4,4,3,4,4,4,5,0,22,14,14,15,13,16,High,High,High,Neither high nor low,High,16,A
5,5,4,1,2,1,1,3,4,5,2,4,5,4,3,4,1,2,4,5,4,2,1,1,2,3,2,2,2,5,5,3,5,1,1,1,3,4,1,3,4,1,1,1,1,1,1,4,4,5,4,3,2,3,4,2,5,4,3,4,4,3,5,5,5,4,5,2,1,22,13,14,15,16,18,Neither high nor low,High,High,High,Very High,18,A
4,5,5,2,4,5,2,3,4,4,4,3,5,4,3,3,4,4,4,4,4,4,2,4,4,3,4,3,4,4,4,3,3,3,2,2,3,3,2,3,4,3,4,3,3,4,4,3,4,4,2,4,4,3,4,2,2,4,4,4,3,4,4,4,4,2,5,4,1,22,16,9,15,15,16,High,Low,High,High,High,16,O
3,3,4,1,1,5,2,3,4,3,5,4,4,4,3,3,2,5,4,3,4,3,1,1,1,3,4,5,1,1,4,4,2,1,1,1,2,1,1,3,5,3,3,1,1,1,4,1,2,3,1,4,1,1,3,5,4,3,1,3,3,5,3,2,3,3,5,1,1,23,8,12,6,18,12,Low,Neither high nor low,Very Low,Very High,Neither high nor low,18,N
4,4,5,3,4,3,1,1,4,4,2,3,3,4,1,4,3,3,5,4,4,5,3,1,4,5,4,2,4,3,4,3,3,3,1,1,3,4,1,3,5,3,3,3,3,1,1,5,2,4,4,4,4,1,4,3,4,2,2,4,4,4,2,1,4,4,4,4,1,23,12,15,6,16,16,Neither high nor low,High,Very Low,High,High,16,N
3,1,2,5,5,5,5,1,5,2,5,5,4,5,3,5,4,4,4,5,5,2,2,1,4,5,4,4,5,5,2,3,5,4,1,3,4,5,3,1,5,4,5,5,4,4,4,4,4,4,4,3,4,5,5,5,5,4,4,4,5,3,4,5,5,5,4,5,0,27,17,19,18,15,18,Very High,Extremely High,Very High,High,Very High,19,C
3,4,5,1,4,5,2,3,4,4,2,4,4,4,3,3,2,2,2,5,5,4,4,3,2,3,4,5,4,2,3,4,5,2,1,1,3,2,1,3,4,5,4,2,3,3,4,2,4,4,3,5,4,4,4,3,4,4,4,4,4,5,5,2,5,3,4,4,1,22,17,13,14,18,17,Very High,Neither high nor low,High,Very High,Very High,18,N
2,3,4,1,4,4,1,2,4,2,5,5,3,5,3,4,3,3,3,4,4,2,1,3,2,3,4,4,2,4,2,2,4,1,3,1,3,3,3,4,4,4,4,3,4,4,4,4,2,4,3,4,4,1,5,5,4,2,4,4,5,5,4,2,4,4,4,4,1,22,14,17,9,17,17,High,Very High,Low,Very High,Very High,17,C
5,5,4,1,2,3,1,4,4,4,1,4,5,5,2,3,2,4,1,5,4,5,1,1,3,3,3,4,4,3,3,5,2,2,3,3,3,3,3,4,3,3,3,3,4,1,1,1,4,4,3,2,3,5,5,5,4,5,4,4,5,5,5,4,5,5,2,3,1,22,16,18,17,13,18,High,Very High,Very High,Neither high nor low,Very High,18,C
5,5,5,2,4,3,1,1,1,5,4,5,5,5,3,2,1,4,5,5,5,4,3,1,4,5,4,2,2,3,1,4,3,1,1,1,3,4,1,5,5,5,5,2,3,3,3,1,5,4,3,2,3,5,5,4,2,5,4,4,5,3,5,4,4,4,5,4,1,23,17,16,18,12,17,Very High,High,Very High,Neither high nor low,Very High,18,E
4,4,4,4,5,5,5,4,5,3,3,4,4,5,2,3,5,5,4,4,4,4,4,4,4,1,5,5,4,5,4,4,4,2,1,1,2,3,1,1,4,4,4,3,3,5,4,3,5,5,3,2,4,5,5,4,3,4,4,5,4,3,3,5,5,4,3,3,1,22,14,15,19,11,20,High,High,Extremely High,Neither high nor low,Extremely High,20,A
3,3,3,2,1,5,2,0,3,1,5,5,4,5,1,3,2,5,0,5,5,3,3,5,0,4,5,5,0,0,1,0,0,0,0,0,3,4,0,5,0,5,5,0,4,4,5,5,4,3,2,5,5,5,5,4,3,1,4,5,5,4,3,5,5,5,4,5,1,22,14,16,18,16,18,High,High,Very High,High,Very High,18,E
4,5,5,4,2,5,5,1,1,3,2,4,5,4,1,3,2,5,3,4,3,5,3,4,1,2,2,2,2,4,5,5,1,1,3,1,1,1,1,5,5,4,4,1,3,1,3,1,2,5,4,5,3,2,5,3,5,3,2,5,4,5,3,1,5,4,5,3,1,23,12,15,7,20,20,Neither high nor low,High,Very Low,Extremely High,Extremely High,20,N
4,3,2,1,4,5,2,1,3,2,4,4,4,2,1,1,2,4,4,5,4,1,3,1,1,1,5,5,4,1,1,1,4,1,1,1,1,1,1,2,5,4,4,1,1,1,4,1,2,5,3,2,4,5,5,4,3,2,3,4,5,2,5,2,5,5,4,4,1,22,15,17,12,11,19,High,Very High,Neither high nor low,Neither high nor low,Extremely High,19,A
5,5,5,4,4,5,3,3,2,1,4,5,5,5,3,4,3,4,4,4,5,3,5,3,3,3,5,5,3,3,4,3,3,3,3,3,3,3,3,4,4,4,4,3,3,4,4,4,3,4,2,5,4,3,5,4,4,4,4,5,4,4,4,3,5,4,5,4,1,24,16,14,13,18,19,High,High,Neither high nor low,Very High,Extremely High,19,A
1,1,2,2,2,5,1,4,5,1,1,5,1,5,1,5,1,5,4,1,5,1,1,4,4,4,5,4,5,5,2,0,3,5,2,1,5,5,1,4,0,5,4,1,1,4,5,3,2,3,5,2,2,1,4,1,1,5,5,3,5,1,5,3,3,5,2,2,0,22,14,16,11,6,13,High,High,Neither high nor low,Very Low,Neither high nor low,16,C
4,2,1,4,2,5,5,2,1,5,5,5,5,5,4,3,5,5,5,4,4,2,5,4,1,1,5,4,3,2,1,5,5,1,1,1,1,1,1,2,5,5,5,1,1,5,5,3,4,5,1,3,5,5,2,2,1,4,4,5,2,2,5,5,3,2,4,5,1,23,19,7,18,10,15,Extremely High,Very Low,Very High,Low,High,19,O
4,4,5,1,5,5,2,3,5,3,4,5,5,5,4,4,4,4,4,4,4,3,4,4,3,4,5,5,2,2,3,4,4,3,3,3,3,2,3,4,4,5,5,3,3,4,4,3,2,3,4,4,5,2,2,1,5,2,2,3,4,4,2,1,2,4,5,5,1,22,14,13,7,18,10,High,Neither high nor low,Very Low,Very High,Low,18,N
2,4,4,5,3,5,5,4,3,2,5,4,2,3,1,4,3,5,5,5,5,4,4,2,5,5,5,5,4,4,5,3,5,5,3,2,5,5,3,3,5,3,3,3,5,3,5,4,3,3,4,4,4,2,4,2,3,4,2,4,4,4,4,2,5,3,4,4,1,23,16,13,9,15,16,High,Neither high nor low,Low,High,High,16,O
3,2,2,5,4,5,5,4,4,1,3,5,5,5,4,5,5,5,4,2,5,2,5,4,3,4,5,5,3,5,2,3,3,2,3,1,4,5,1,1,4,5,5,2,4,4,5,5,3,4,1,5,2,2,4,2,5,4,3,4,4,4,4,2,5,3,5,3,0,22,13,10,10,19,17,Neither high nor low,Low,Low,Extremely High,Very High,19,N
3,3,4,5,4,5,5,1,3,3,4,5,5,5,5,4,5,5,4,5,5,2,3,3,3,3,4,4,4,3,2,3,4,3,3,4,3,3,4,3,3,3,3,3,4,3,3,3,3,3,4,3,3,1,3,5,3,4,4,4,5,3,4,2,4,5,4,4,0,24,15,19,10,13,14,High,Extremely High,Low,Neither high nor low,High,19,C
3,3,3,5,1,5,5,1,3,3,3,3,3,3,1,1,3,5,3,3,5,3,5,4,1,1,5,5,1,5,3,3,5,5,3,3,3,3,3,3,3,5,5,5,5,3,5,3,5,5,1,5,5,1,1,5,1,5,5,5,5,5,5,1,1,3,1,5,1,22,20,14,12,12,12,Extremely High,High,Neither high nor low,Neither high nor low,Neither high nor low,20,O
3,3,4,3,4,5,4,4,5,2,3,5,3,5,1,4,2,4,4,5,3,3,3,3,5,5,4,4,4,5,5,2,3,3,3,3,4,4,3,5,5,4,4,3,4,3,3,4,4,4,4,3,4,4,5,5,3,5,5,4,4,4,4,5,2,5,3,5,1,22,18,18,18,13,15,Very High,Very High,Very High,Neither high nor low,High,18,O
3,5,4,4,5,3,5,3,5,2,5,4,2,4,1,4,1,4,5,5,5,5,4,3,1,2,4,4,2,2,1,4,3,3,3,5,4,3,3,3,4,5,5,1,1,5,5,4,3,4,4,5,5,4,5,3,5,5,4,3,4,5,4,2,5,5,5,5,1,22,19,16,13,20,17,Extremely High,High,Neither high nor low,Extremely High,Very High,20,N
1,2,1,5,2,5,4,2,2,2,3,4,2,5,3,2,4,4,1,5,5,3,3,3,3,5,4,4,3,3,3,3,4,2,3,5,5,3,3,3,4,4,4,3,2,3,4,4,4,4,2,2,4,5,4,2,4,2,3,4,4,4,1,4,4,3,3,5,0,22,12,11,16,13,16,Neither high nor low,Neither high nor low,High,Neither high nor low,High,16,E
3,3,5,5,5,5,5,5,3,3,5,5,5,5,5,4,5,5,3,5,5,3,3,3,3,3,3,3,3,3,3,3,3,3,3,3,3,3,3,3,3,3,3,3,3,3,3,3,4,5,2,2,5,2,4,2,1,4,2,4,5,4,4,2,4,4,4,4,0,23,17,13,10,11,17,Very High,Neither high nor low,Low,Neither high nor low,Very High,17,O
4,1,2,4,2,3,5,2,1,2,2,2,3,2,3,3,2,4,2,2,5,2,4,1,1,4,5,5,2,2,2,3,3,1,2,2,4,4,1,3,3,3,2,4,4,2,3,3,3,3,2,3,3,2,4,4,3,2,2,3,5,4,2,2,4,4,2,3,0,22,10,15,9,12,14,Low,High,Low,Neither high nor low,High,15,C
3,3,5,3,4,5,4,3,4,4,4,4,4,5,4,4,4,4,5,4,5,4,4,4,4,4,5,5,4,5,3,4,4,3,3,1,3,3,2,5,5,5,5,4,5,4,5,5,5,3,4,3,5,4,3,2,2,5,2,3,3,2,4,4,3,3,4,4,0,22,18,12,15,11,12,Very High,Neither high nor low,High,Neither high nor low,Neither high nor low,18,O
2,1,2,2,3,5,1,3,2,2,4,5,2,5,2,4,1,5,4,5,5,1,1,1,1,1,1,1,1,1,1,1,1,1,1,1,1,1,1,1,1,1,1,1,1,1,1,1,5,3,3,1,3,5,4,1,2,1,5,2,4,5,2,5,5,4,2,3,0,22,9,12,20,10,14,Low,Neither high nor low,Extremely High,Low,High,20,E
3,5,5,2,4,3,3,3,2,3,5,5,5,5,1,5,3,1,3,4,4,2,2,3,2,3,4,3,3,4,3,3,3,4,3,3,3,3,3,4,5,4,4,4,4,5,3,5,5,5,3,2,5,4,4,5,3,4,4,4,5,3,5,4,5,5,4,5,0,24,19,18,17,12,18,Extremely High,Very High,Very High,Neither high nor low,Very High,19,O
4,4,5,1,4,5,2,4,4,3,4,5,5,5,3,3,4,2,4,2,5,4,2,4,4,4,4,4,4,5,4,3,2,3,1,1,1,2,1,4,5,5,5,3,4,4,3,2,2,4,4,4,5,4,5,5,5,5,4,4,5,5,4,1,5,5,5,5,1,22,19,19,11,19,18,Extremely High,Extremely High,Neither high nor low,Extremely High,Very High,19,O
4,2,2,5,3,4,4,1,2,4,5,3,4,2,4,2,3,4,4,5,5,1,5,1,1,4,5,1,1,3,1,3,3,1,1,1,1,3,1,3,1,1,1,1,4,2,3,3,2,4,1,4,4,2,4,1,3,2,4,4,3,5,5,3,3,4,4,4,0,22,15,9,11,16,15,High,Low,Neither high nor low,High,High,16,N
2,3,4,4,4,4,4,2,3,1,4,4,1,4,4,2,4,4,4,4,4,1,4,3,3,4,4,3,4,4,4,3,4,1,1,4,3,3,1,1,5,4,4,2,3,4,4,3,4,4,1,4,4,3,4,3,3,4,5,4,3,3,5,3,5,3,4,5,0,22,18,10,15,14,17,Very High,Low,High,High,Very High,18,O
4,1,2,1,4,5,2,3,4,1,5,5,5,5,3,4,4,4,2,2,5,1,2,3,3,3,5,4,5,4,1,4,4,3,1,3,3,4,2,2,2,4,4,3,4,5,5,5,4,4,2,2,4,4,5,5,2,4,3,3,2,1,4,4,5,3,2,4,0,22,16,12,15,7,17,High,Neither high nor low,High,Very Low,Very High,17,A
3,4,5,5,3,5,4,2,3,2,5,5,5,5,4,3,4,5,4,4,5,3,5,3,3,4,5,5,3,4,2,4,4,1,3,1,1,1,1,4,4,4,4,3,3,5,5,4,3,4,3,2,4,2,4,1,1,4,4,3,3,2,3,2,4,4,4,4,0,23,15,11,11,9,15,High,Neither high nor low,Neither high nor low,Low,High,15,O
4,3,4,3,4,5,4,4,4,4,3,5,5,5,5,4,5,5,4,4,5,3,2,4,2,4,5,5,4,3,3,5,5,1,4,3,4,4,1,3,4,5,5,4,4,2,5,4,4,4,4,2,3,4,5,5,1,2,4,3,5,2,3,2,5,3,3,3,0,22,11,17,14,8,17,Neither high nor low,Very High,High,Low,Very High,17,C
4,1,2,4,5,4,4,3,5,1,4,4,5,4,3,4,4,4,4,4,5,1,4,1,4,4,5,5,5,3,4,4,4,2,3,3,4,4,4,3,4,3,3,4,4,4,4,4,2,4,3,4,4,2,4,5,2,4,4,4,4,2,4,2,4,4,4,4,0,25,16,16,10,12,16,High,High,Low,Neither high nor low,High,16,O
3,3,5,1,5,5,3,4,4,4,5,5,4,5,2,5,1,5,4,4,5,2,3,1,4,5,4,4,5,4,5,4,3,2,2,1,2,2,1,1,5,4,4,3,2,5,3,1,3,4,2,5,5,2,5,3,4,5,1,5,4,4,5,1,5,5,5,5,0,22,20,14,7,18,19,Extremely High,High,Very Low,Very High,Extremely High,20,O
3,3,4,1,5,4,1,5,5,1,5,4,4,5,4,5,4,3,5,3,3,2,1,1,4,3,3,4,5,5,1,3,3,1,1,1,1,5,1,2,4,3,5,4,3,5,4,4,2,4,2,3,5,4,4,3,2,5,1,3,3,1,5,3,4,5,4,5,0,23,20,13,10,10,15,Extremely High,Neither high nor low,Low,Low,High,20,O
3,4,5,4,5,5,4,0,0,4,0,0,4,0,3,5,5,5,5,4,5,4,3,4,5,4,3,3,5,5,5,2,2,3,2,2,4,4,2,2,5,3,3,3,3,4,3,3,4,5,4,2,3,3,5,1,3,4,3,5,4,3,5,3,1,4,3,4,1,22,16,13,13,11,16,High,Neither high nor low,Neither high nor low,Neither high nor low,High,16,O
3,4,5,4,3,4,4,3,2,3,4,5,5,5,3,3,3,4,3,5,5,4,4,5,2,1,5,5,2,1,1,3,4,1,1,1,1,1,1,4,4,5,5,2,3,4,5,3,4,4,3,2,3,4,5,4,4,4,2,4,4,3,3,3,5,5,4,4,1,22,14,16,13,13,18,High,High,Neither high nor low,Neither high nor low,Very High,18,A
4,4,3,4,4,4,5,3,3,4,1,4,5,5,3,4,2,3,4,5,4,5,4,4,4,4,3,5,3,5,5,3,3,3,3,3,4,4,3,4,5,5,5,4,4,3,4,4,5,5,4,4,1,4,5,4,2,4,5,5,4,4,4,3,5,4,3,4,1,22,13,16,17,13,20,Neither high nor low,High,Very High,Neither high nor low,Extremely High,20,A
4,1,2,5,1,5,5,3,3,3,3,5,5,5,3,3,2,5,3,3,5,3,3,3,3,5,5,5,5,5,3,5,3,3,3,3,3,3,3,3,3,5,5,3,3,3,5,5,4,5,3,4,5,4,5,2,3,3,5,5,5,4,4,5,5,5,3,5,1,22,17,15,18,14,20,Very High,High,Very High,High,Extremely High,20,A
2,1,2,5,4,5,4,1,3,1,4,4,1,4,3,4,3,4,5,3,5,1,5,4,2,2,4,4,3,3,1,1,3,1,1,3,3,2,1,4,3,3,4,2,2,4,3,4,2,4,1,2,3,4,4,5,2,4,2,2,3,2,4,3,4,4,4,4,0,22,15,13,11,10,14,High,Neither high nor low,Neither high nor low,Low,High,15,O
1,1,4,4,5,5,5,2,2,1,5,5,2,5,4,3,5,5,5,4,5,1,3,5,2,1,5,2,5,3,3,3,5,2,1,1,3,1,2,1,5,5,5,1,1,5,5,5,3,3,2,4,4,3,3,3,4,4,4,4,3,2,5,3,3,2,4,4,0,23,17,10,13,14,13,Very High,Low,Neither high nor low,High,Neither high nor low,17,O
3,3,2,1,4,5,2,3,4,3,5,5,5,5,4,5,5,4,4,5,5,3,2,2,3,3,4,4,5,4,4,4,5,3,3,5,4,4,3,3,4,5,5,4,3,5,5,4,4,4,4,3,2,4,2,2,3,4,5,4,3,4,4,3,4,1,3,3,0,22,13,10,16,13,14,Neither high nor low,Low,High,Neither high nor low,High,16,E
3,3,4,5,5,5,5,2,4,1,5,5,5,5,4,4,5,5,5,5,5,3,4,2,4,3,5,5,5,5,5,3,4,3,4,4,4,4,4,2,3,3,4,4,4,5,5,5,5,5,4,4,5,4,4,5,1,5,5,5,4,3,4,5,4,3,4,4,0,22,18,16,19,12,18,Very High,High,Extremely High,Neither high nor low,Very High,19,E
4,4,4,3,1,2,1,1,4,4,1,5,5,5,1,1,1,4,3,3,4,4,4,1,3,3,3,3,3,4,3,4,2,1,1,1,1,3,1,4,4,4,4,1,3,2,2,1,4,4,3,2,1,5,5,5,3,2,5,5,5,3,3,2,5,5,4,1,1,22,7,18,16,12,19,Very Low,Very High,High,Neither high nor low,Extremely High,19,A
5,5,5,2,3,4,2,4,4,2,4,3,4,4,1,1,2,4,3,3,5,4,4,2,3,4,4,4,3,2,2,3,3,3,3,2,3,2,2,4,4,4,4,3,4,4,4,4,3,4,4,3,5,5,3,5,5,3,4,3,4,4,4,3,4,4,3,4,1,28,16,17,15,15,14,High,Very High,High,High,High,17,C
3,4,4,2,4,5,1,2,4,5,2,2,4,2,3,3,2,4,5,4,5,4,2,1,3,3,4,4,3,3,3,3,4,2,2,4,4,4,1,3,5,2,2,2,3,2,3,2,2,4,4,2,3,2,4,2,4,4,4,4,4,3,4,2,4,4,2,4,1,22,15,14,10,11,16,High,High,Low,Neither high nor low,High,16,A
3,3,2,5,3,2,5,2,1,2,5,4,3,4,4,5,5,5,3,4,3,1,4,1,1,4,2,2,1,1,1,3,5,1,1,2,2,4,1,4,1,3,3,3,5,5,3,5,5,3,5,1,3,4,4,5,4,1,4,4,5,3,2,5,4,5,2,2,0,32,8,20,18,10,15,Low,Extremely High,Very High,Low,High,20,C
4,4,5,3,5,4,1,2,4,4,4,5,5,4,4,5,4,4,4,3,4,2,2,2,4,5,3,3,4,4,4,4,2,2,4,2,5,5,2,2,4,2,2,2,5,2,2,5,4,4,3,3,4,3,5,4,4,4,4,4,5,3,5,4,4,5,2,4,0,22,17,17,15,12,17,Very High,Very High,High,Neither high nor low,Very High,17,O
1,1,2,3,1,5,3,1,1,1,1,5,2,5,3,5,1,4,1,1,5,1,2,1,1,5,1,3,1,1,1,1,1,1,1,3,3,3,1,1,1,1,1,1,3,1,1,1,2,4,2,1,3,2,4,5,3,1,2,2,4,4,4,1,4,4,3,3,0,22,11,15,7,11,14,Neither high nor low,High,Very Low,Neither high nor low,High,15,C
2,1,1,5,3,5,4,1,5,1,5,5,1,5,5,5,5,1,5,5,5,1,5,5,1,1,1,2,3,2,1,1,1,1,5,5,2,2,1,2,2,5,4,1,4,5,5,5,5,2,4,4,4,2,3,4,1,1,1,2,4,5,2,3,3,4,3,4,0,32,11,16,11,13,10,Neither high nor low,High,Neither high nor low,Neither high nor low,Low,16,C
1,1,2,2,3,4,1,1,1,1,4,4,2,3,3,3,3,3,3,3,3,1,2,1,3,3,4,4,3,3,1,3,4,1,3,4,4,3,3,2,3,3,3,1,2,4,3,4,3,3,3,4,3,4,4,3,3,3,3,3,2,4,5,3,5,3,5,5,0,32,16,11,13,16,15,High,Neither high nor low,Neither high nor low,High,High,16,O
4,4,5,1,5,5,2,3,5,5,3,4,4,4,1,4,2,4,5,3,5,4,2,4,5,5,5,5,5,4,4,4,3,3,3,3,3,4,3,4,4,4,4,3,4,1,5,3,3,5,5,5,4,4,5,1,5,5,2,5,5,5,5,2,5,2,4,4,1,22,18,13,11,19,20,Very High,Neither high nor low,Neither high nor low,Extremely High,Extremely High,20,A
1,1,1,5,3,5,5,1,5,1,5,5,2,5,5,5,5,5,5,3,4,1,5,5,1,1,4,3,3,2,1,1,1,1,5,4,2,2,2,2,2,5,5,1,4,5,5,5,5,2,4,5,5,1,3,5,1,1,2,2,5,5,2,3,3,3,3,3,0,33,11,17,11,14,10,Neither high nor low,Very High,Neither high nor low,High,Low,17,C
4,4,5,1,4,4,2,2,4,3,3,5,5,5,3,4,4,5,5,4,5,5,4,5,3,4,4,5,5,4,4,3,5,2,1,5,4,4,4,5,3,5,5,4,5,2,4,5,4,5,5,4,4,4,5,4,3,5,5,5,4,4,4,4,5,5,5,4,0,28,17,18,17,16,20,Very High,Very High,Very High,High,Extremely High,20,A
3,4,5,1,5,5,2,5,5,5,2,5,5,5,5,3,5,3,5,3,5,3,3,2,3,3,5,5,5,5,3,2,2,1,1,1,5,5,1,5,5,5,5,1,2,1,5,3,5,5,4,3,5,5,5,5,4,5,1,5,5,4,5,5,5,5,4,5,1,25,20,19,16,15,20,Extremely High,Extremely High,High,High,Extremely High,20,O
4,5,4,2,1,5,1,2,2,2,3,3,4,3,2,2,2,4,3,2,5,4,2,3,2,4,5,5,2,3,3,4,3,2,2,3,3,3,2,2,4,3,3,2,4,2,2,4,4,4,5,4,3,5,4,4,4,2,3,4,3,4,3,4,4,3,4,2,1,23,10,15,16,16,16,Low,High,High,High,High,16,E
4,5,5,5,5,5,5,3,5,4,4,5,4,5,3,5,5,5,4,3,5,5,5,4,4,3,5,5,5,5,4,5,4,3,1,3,5,4,5,5,5,5,5,3,4,4,4,3,5,5,4,5,5,5,5,3,2,5,5,5,5,4,4,4,5,5,4,5,1,19,19,17,19,15,20,Extremely High,Very High,Extremely High,High,Extremely High,20,A
5,5,4,2,2,4,2,3,4,4,5,4,5,4,2,3,3,4,3,4,4,5,2,4,4,3,4,4,4,2,2,4,4,3,3,3,3,3,2,4,4,4,4,3,4,3,4,4,5,4,2,2,5,5,4,4,2,3,3,4,4,3,4,3,5,5,4,5,1,19,17,15,16,11,17,Very High,High,High,Neither high nor low,Very High,17,O
4,5,4,4,1,4,4,4,1,3,5,5,5,5,3,1,2,1,1,5,5,5,5,4,3,3,5,5,1,2,5,5,4,3,3,2,2,3,1,4,5,5,5,3,3,5,5,3,4,5,3,5,5,2,5,4,1,4,5,5,5,3,4,2,5,5,4,5,1,20,18,17,13,13,20,Very High,Very High,Neither high nor low,Neither high nor low,Extremely High,20,A
5,4,4,5,3,5,5,4,3,5,4,4,5,5,3,3,3,4,4,5,4,4,5,5,3,3,5,5,3,3,3,4,4,3,3,4,3,3,3,3,4,5,4,3,3,4,5,3,4,5,4,4,5,2,5,2,4,4,5,5,4,5,4,2,4,4,4,4,1,20,17,14,13,17,19,Very High,High,Neither high nor low,Very High,Extremely High,19,A
3,4,4,3,2,5,3,3,3,1,4,5,5,5,1,3,1,5,3,3,5,5,3,4,3,3,5,5,3,1,3,2,1,1,1,1,1,3,1,3,5,5,5,1,3,4,4,1,3,4,1,5,4,3,4,3,2,4,2,4,4,2,4,3,4,2,3,4,1,19,16,10,11,12,16,High,Low,Neither high nor low,Neither high nor low,High,16,O
3,4,4,3,2,5,4,3,2,4,3,5,4,5,5,4,4,5,3,3,5,4,4,4,3,3,4,4,3,3,3,3,3,3,3,3,3,3,3,3,3,3,3,3,4,3,3,3,3,4,3,3,3,3,4,3,4,3,3,3,4,4,3,2,4,3,4,2,1,20,11,13,11,15,15,Neither high nor low,Neither high nor low,Neither high nor low,High,High,15,N
3,4,5,2,1,5,1,5,3,1,3,5,5,5,3,4,5,3,2,4,5,2,4,4,1,3,4,4,1,1,1,5,5,1,4,5,4,4,2,5,2,4,4,2,4,4,2,2,4,4,4,3,3,5,5,5,2,3,4,4,2,3,3,4,5,4,4,3,1,19,12,15,17,12,18,Neither high nor low,High,Very High,Neither high nor low,Very High,18,A
3,4,4,3,2,5,4,3,2,2,4,4,4,4,1,3,2,5,3,5,4,4,4,4,2,3,4,5,2,2,2,4,5,1,3,2,3,2,2,2,2,5,5,2,2,4,4,2,2,4,3,4,3,4,5,3,4,3,4,3,4,4,3,3,5,4,4,4,1,19,13,14,13,16,17,Neither high nor low,High,Neither high nor low,High,Very High,17,A
3,4,5,1,4,4,3,3,4,2,1,1,4,2,1,3,1,2,4,4,4,5,1,2,4,3,4,2,3,4,3,3,3,3,2,3,4,4,1,4,4,2,2,2,2,2,2,2,4,5,3,2,3,4,4,1,1,4,3,4,2,2,4,3,4,3,5,3,1,19,14,9,14,10,17,High,Low,High,Low,Very High,17,A
3,3,2,1,3,1,2,4,4,3,2,3,5,3,1,4,1,1,4,5,4,2,1,2,4,4,2,1,4,4,4,4,3,3,4,1,4,4,3,5,5,2,2,4,4,2,2,4,4,4,3,4,4,3,4,1,4,4,3,4,4,4,4,4,4,3,4,5,1,35,17,11,14,16,16,Very High,Neither high nor low,High,High,High,17,O
2,5,5,2,1,1,3,1,1,2,2,5,5,5,1,1,1,2,3,5,3,5,1,5,1,1,2,2,1,1,3,3,4,1,1,1,1,1,1,2,5,5,5,1,2,1,5,1,2,5,3,5,5,5,5,1,1,3,1,4,4,4,3,1,5,4,5,5,1,19,16,12,9,15,19,High,Neither high nor low,Low,High,Extremely High,19,A
4,4,4,5,3,5,4,4,3,5,5,5,5,5,2,3,2,4,3,5,5,4,5,1,2,4,5,4,2,1,2,4,4,2,1,1,1,2,1,5,3,4,4,3,3,4,4,2,3,4,2,5,1,1,5,1,2,3,2,4,1,4,2,3,5,2,4,1,1,20,7,6,9,15,18,Very Low,Very Low,Low,High,Very High,18,A
5,5,5,4,1,2,4,4,2,3,4,5,5,5,3,4,1,2,4,5,2,4,5,4,5,5,2,4,4,4,2,4,5,1,1,4,4,5,4,4,2,5,5,5,5,4,2,4,4,4,3,2,4,4,5,4,4,4,4,4,5,2,4,2,5,4,2,4,1,19,16,16,14,10,18,High,High,High,Low,Very High,18,A
4,4,4,4,5,4,2,2,5,3,1,5,3,5,2,4,1,5,4,4,4,4,2,2,5,2,4,4,5,4,2,3,3,3,1,1,3,4,1,3,4,4,4,4,3,1,4,3,4,4,3,3,4,4,5,4,2,3,4,4,5,4,4,3,5,5,2,4,1,19,15,17,15,11,18,High,Very High,High,Neither high nor low,Very High,18,A
2,4,4,3,4,5,4,1,3,3,4,4,3,4,1,4,2,1,1,4,5,4,2,5,4,3,4,5,4,1,1,3,2,1,1,1,1,1,3,2,2,4,4,1,4,4,1,1,3,4,1,4,4,5,5,1,1,1,4,4,4,4,3,2,5,3,3,4,1,19,12,9,14,12,18,Neither high nor low,Low,High,Neither high nor low,Very High,18,A
3,4,3,2,3,5,2,3,3,3,5,5,4,5,3,3,3,4,2,5,5,4,4,2,1,1,5,5,4,3,2,3,4,1,1,3,2,2,2,5,5,5,5,2,3,5,5,1,4,3,3,5,4,5,4,4,3,3,4,4,3,5,4,2,5,4,4,4,1,19,15,14,15,17,16,High,High,High,Very High,High,17,N
4,5,4,2,1,1,3,1,1,2,2,3,5,5,1,1,2,3,2,4,3,5,3,5,1,2,3,4,1,1,3,3,2,1,1,2,1,1,1,2,5,4,4,2,2,3,3,4,3,5,3,5,4,3,4,4,3,3,3,4,4,3,3,2,4,4,4,4,1,19,14,15,11,15,17,High,High,Neither high nor low,High,Very High,17,A
4,5,3,1,5,1,1,1,1,1,2,2,5,5,1,1,1,2,4,5,2,5,1,1,2,2,2,2,1,1,1,5,5,1,3,1,1,4,1,2,5,4,3,3,2,3,2,2,4,4,4,2,3,4,5,5,3,3,3,4,5,2,3,2,5,5,3,4,1,20,13,19,13,10,18,Neither high nor low,Extremely High,Neither high nor low,Low,Very High,19,C
4,4,4,5,4,5,3,2,1,3,2,3,5,4,3,3,4,5,3,5,5,5,4,4,3,5,5,3,3,3,5,5,3,1,1,3,3,3,3,4,4,4,3,3,3,5,3,0,5,5,3,4,3,5,5,2,2,2,5,5,4,4,2,4,5,1,4,2,1,20,9,10,19,14,20,Low,Low,Extremely High,High,Extremely High,20,A
4,5,3,1,2,2,2,2,2,1,1,1,5,4,1,1,1,1,4,5,1,5,1,2,1,2,1,1,1,1,1,4,4,1,1,1,1,1,1,1,5,1,1,1,1,1,1,1,5,4,1,2,2,5,3,5,4,1,4,3,5,3,5,5,5,5,3,4,1,19,12,16,19,12,15,Neither high nor low,High,Extremely High,Neither high nor low,High,19,E
5,5,1,1,4,1,3,2,1,3,4,4,5,4,3,4,3,4,3,5,3,5,1,5,3,1,3,2,1,1,1,5,5,1,1,4,4,3,3,5,3,2,3,4,4,5,3,1,5,5,1,3,3,5,5,5,1,5,2,5,5,5,5,5,5,5,4,4,1,20,17,16,17,13,20,Very High,High,Very High,Neither high nor low,Extremely High,20,A
5,5,4,5,4,5,5,3,3,2,5,5,5,5,5,4,5,5,4,5,5,5,5,5,3,2,4,5,4,3,3,4,4,3,2,2,3,3,2,4,3,4,4,3,3,4,4,2,4,5,3,4,5,5,5,4,2,3,4,4,3,4,3,4,5,5,3,5,1,19,16,15,17,13,19,High,High,Very High,Neither high nor low,Extremely High,19,A
4,5,3,1,1,2,4,0,2,3,3,4,4,4,3,3,2,4,3,4,4,5,1,5,3,4,4,3,2,2,4,4,4,3,1,1,1,3,1,4,4,4,3,4,4,3,3,2,4,4,3,2,3,2,5,4,3,4,4,4,5,5,3,2,4,5,3,3,1,19,13,17,12,13,17,Neither high nor low,Very High,Neither high nor low,Neither high nor low,Very High,17,C
4,5,2,1,1,4,4,3,2,4,1,4,5,3,2,3,1,3,2,5,3,5,3,4,4,1,4,4,1,1,3,4,4,1,3,1,1,1,1,4,3,4,3,3,4,1,3,3,5,4,3,4,3,4,5,2,3,3,4,4,4,3,3,4,5,2,1,4,1,19,13,11,17,11,18,Neither high nor low,Neither high nor low,Very High,Neither high nor low,Very High,18,A
3,5,4,5,2,5,3,2,3,3,4,2,4,3,1,2,2,2,2,3,4,4,5,4,3,4,4,5,2,2,5,4,2,2,2,1,4,3,3,3,3,3,3,3,3,2,3,3,4,4,4,5,3,4,4,5,4,3,4,3,4,4,3,4,4,5,4,2,1,19,11,18,16,17,15,Neither high nor low,Very High,High,Very High,High,18,C
3,4,3,2,5,4,4,3,4,4,4,5,4,5,4,4,4,5,5,5,5,3,4,4,4,3,5,5,4,3,3,4,5,2,1,5,2,2,2,4,4,4,4,4,4,5,5,4,4,4,5,5,5,3,4,4,3,4,4,4,4,5,4,5,5,2,4,5,0,23,18,15,16,17,17,Very High,High,High,Very High,Very High,18,O
3,4,5,4,4,5,4,4,3,1,2,4,4,4,3,4,4,5,4,3,5,4,4,3,5,3,4,4,3,3,4,4,3,3,4,2,5,4,3,4,5,4,4,1,2,2,4,4,4,5,4,5,4,4,5,4,4,5,5,5,5,5,4,3,4,3,5,3,1,20,16,16,16,19,19,High,High,High,Extremely High,Extremely High,19,N
4,3,3,4,4,4,3,3,3,3,5,4,4,4,4,2,4,4,3,5,4,3,5,3,3,1,5,5,3,3,3,4,5,3,4,3,3,3,5,4,3,4,4,3,3,5,4,3,3,2,3,4,4,3,3,3,3,3,3,3,4,3,2,3,3,3,1,5,0,19,14,13,12,11,11,High,Neither high nor low,Neither high nor low,Neither high nor low,Neither high nor low,14,O
2,4,4,4,3,5,4,3,3,3,2,5,5,5,4,3,5,4,4,3,5,5,3,3,4,2,5,4,3,5,4,4,3,2,1,2,2,2,1,1,5,4,5,3,3,4,4,2,4,5,2,5,5,4,4,1,4,5,5,5,4,4,5,4,5,2,5,5,0,20,20,9,17,18,19,Extremely High,Low,Very High,Very High,Extremely High,20,O
4,5,5,2,4,4,3,3,4,4,3,3,3,3,1,3,2,3,2,5,3,5,2,4,3,3,4,4,4,4,3,2,3,1,1,1,3,2,2,3,5,3,4,3,2,3,2,2,4,4,5,4,4,5,5,3,4,4,4,4,4,4,4,4,4,4,2,4,1,19,16,16,17,14,17,High,High,Very High,High,Very High,17,E
3,4,5,3,4,5,3,4,3,3,2,3,3,4,3,4,3,4,5,4,4,3,3,4,4,1,3,5,4,5,5,3,3,2,1,1,4,4,2,1,3,2,3,4,1,1,4,3,4,5,3,4,4,5,5,2,3,5,3,3,4,3,4,4,5,2,3,4,1,21,17,11,16,13,18,Very High,Neither high nor low,High,Neither high nor low,Very High,18,A
4,4,4,4,4,5,4,3,4,4,4,5,3,4,2,2,3,5,4,5,5,4,4,3,4,2,5,5,5,4,4,3,3,3,2,2,3,3,2,4,5,5,4,2,3,3,4,3,4,5,3,3,4,4,5,2,3,5,4,4,2,3,4,4,5,1,3,4,1,21,17,8,16,12,19,Very High,Low,High,Neither high nor low,Extremely High,19,A
3,2,5,3,4,4,3,4,4,3,1,2,3,2,2,3,1,5,5,4,4,3,4,3,4,2,5,5,3,4,4,4,4,1,1,1,3,2,1,2,5,3,2,1,1,2,4,1,4,4,2,4,4,3,5,2,2,5,4,3,1,3,4,4,5,2,3,4,0,20,17,7,15,12,17,Very High,Very Low,High,Neither high nor low,Very High,17,O
4,4,5,1,4,4,1,3,3,4,3,4,2,3,1,2,2,2,4,4,5,4,1,1,2,1,3,4,3,3,3,2,2,1,1,1,1,3,1,1,5,5,5,3,4,3,4,2,4,5,4,4,5,3,5,4,3,5,4,5,4,3,5,2,5,5,5,5,1,18,20,17,13,15,20,Extremely High,Very High,Neither high nor low,High,Extremely High,20,O
4,5,4,1,3,4,4,3,3,4,3,2,4,3,2,3,2,4,5,4,4,4,1,4,3,4,4,4,3,3,5,5,3,4,1,1,4,5,1,4,4,1,1,3,1,4,1,1,5,3,1,5,3,5,3,4,5,3,4,3,2,5,3,5,4,3,3,3,1,18,12,10,19,18,13,Neither high nor low,Low,Extremely High,Very High,Neither high nor low,19,E
4,3,4,5,4,5,5,4,4,3,4,4,4,4,2,4,3,4,4,5,5,2,5,3,3,3,5,5,3,4,2,4,3,3,3,4,2,4,2,3,4,4,3,3,3,4,4,4,4,4,2,4,4,4,3,2,3,3,5,5,3,5,3,4,2,3,4,5,0,30,15,10,17,16,14,High,Low,Very High,High,High,17,E
3,4,4,1,4,4,1,4,3,4,2,4,4,4,3,5,3,4,4,5,5,2,1,1,3,4,5,4,4,5,2,3,4,3,2,1,3,4,3,4,4,4,5,3,5,3,4,4,4,4,4,2,3,2,4,1,3,2,3,4,5,1,4,4,3,5,4,3,1,28,12,15,13,10,15,Neither high nor low,High,Neither high nor low,Low,High,15,C
1,2,5,3,4,5,4,3,4,1,2,2,4,2,4,4,5,4,5,4,4,1,2,4,3,4,3,4,5,5,4,2,4,3,3,3,5,5,4,3,5,3,3,2,1,2,4,3,3,2,1,5,5,3,3,1,3,4,2,2,1,2,5,3,2,1,5,5,0,35,19,4,11,15,9,Extremely High,Extremely Low,Neither high nor low,High,Low,19,O
4,5,5,4,3,3,4,4,5,5,3,3,4,3,1,3,1,3,4,5,3,4,1,3,4,3,3,3,4,4,3,4,3,4,2,1,1,3,3,4,4,3,3,3,3,1,1,3,4,4,3,3,5,5,4,5,3,3,4,4,4,4,2,4,4,4,4,5,0,30,15,16,17,14,16,High,High,Very High,High,High,17,E
4,3,4,5,4,5,5,2,3,1,4,5,5,5,4,4,5,5,1,4,5,4,4,3,5,3,5,4,4,4,2,3,3,3,4,3,3,3,4,4,5,5,5,4,4,4,5,4,4,5,3,2,3,3,5,5,5,5,5,5,4,3,4,4,5,5,3,3,1,31,15,17,16,13,20,High,Very High,High,Neither high nor low,Extremely High,20,A
3,4,4,5,3,4,4,1,2,3,4,3,4,4,2,4,3,5,3,5,5,4,5,3,3,4,5,5,3,3,4,4,4,2,2,2,3,3,2,4,4,4,4,3,4,3,5,5,4,5,3,4,3,4,4,2,3,3,5,5,5,4,3,4,4,2,4,3,1,24,12,12,17,15,18,Neither high nor low,Neither high nor low,Very High,High,Very High,18,A
3,4,2,3,4,4,2,2,4,5,5,3,4,3,2,3,1,4,1,5,5,2,4,1,1,1,5,3,3,5,4,0,5,1,1,1,1,1,1,4,4,4,4,3,3,5,5,2,4,5,4,5,5,4,5,4,3,4,2,5,4,4,4,2,5,4,2,5,1,20,18,16,12,14,20,Very High,High,Neither high nor low,High,Extremely High,20,A
3,4,4,2,1,4,3,3,2,4,4,5,5,5,2,3,1,4,2,4,5,4,4,2,1,1,4,4,2,3,3,3,3,4,3,2,3,3,2,2,5,4,4,4,4,4,4,3,4,5,4,5,4,1,5,4,2,4,4,5,3,4,3,2,5,5,5,4,1,30,15,16,11,16,20,High,High,Neither high nor low,High,Extremely High,20,A
3,3,4,1,4,5,2,2,4,4,2,3,4,4,3,4,2,2,5,5,5,2,2,2,3,3,5,5,4,2,3,4,4,1,1,1,3,3,1,5,5,4,4,3,3,2,5,1,3,4,2,4,4,3,4,1,3,2,4,4,2,4,2,3,4,2,5,1,1,35,9,7,13,16,16,Low,Very Low,Neither high nor low,High,High,16,N
4,5,5,4,2,2,2,3,3,5,2,4,4,5,3,4,2,4,5,4,4,5,3,5,5,4,2,2,2,5,5,4,2,1,1,1,2,3,1,3,5,3,3,2,3,3,3,4,4,5,4,3,3,4,4,4,3,5,5,5,5,3,4,3,4,4,4,3,1,23,15,17,16,13,18,High,Very High,High,Neither high nor low,Very High,18,A
4,3,2,1,4,3,2,4,4,3,3,5,5,4,3,4,3,4,3,5,1,3,1,2,4,4,0,3,4,0,4,2,5,4,4,5,2,2,2,3,4,5,5,5,4,3,3,4,3,4,2,4,4,3,5,4,2,3,4,3,5,3,3,2,5,5,3,5,0,21,15,16,12,12,17,High,High,Neither high nor low,Neither high nor low,Very High,17,A
5,4,4,2,5,3,3,5,5,4,4,4,5,4,3,5,4,4,5,5,4,5,2,3,4,4,0,0,4,5,5,5,4,4,4,3,4,5,3,4,5,0,0,5,4,4,0,5,3,4,3,5,4,3,4,4,2,5,5,5,4,4,2,2,3,2,4,3,1,20,14,13,13,15,16,High,Neither high nor low,Neither high nor low,High,High,16,A
5,5,5,4,4,5,1,4,4,4,4,5,4,5,3,4,4,4,4,5,5,4,2,2,2,2,4,4,4,2,4,4,4,2,2,2,4,4,2,4,4,4,4,4,4,4,4,2,3,4,3,4,4,2,5,2,4,3,4,4,4,3,2,3,5,3,3,4,1,20,13,12,12,14,18,Neither high nor low,Neither high nor low,Neither high nor low,High,Very High,18,A
4,5,3,2,4,5,4,4,3,4,5,5,5,5,3,2,3,5,4,5,5,5,3,5,4,4,5,5,3,4,2,3,4,2,3,2,1,1,1,3,4,5,5,3,3,5,5,3,5,5,3,4,5,5,5,5,3,3,4,5,5,3,4,5,5,5,3,5,1,20,17,18,19,13,20,Very High,Very High,Extremely High,Neither high nor low,Extremely High,20,A
2,4,4,4,4,4,4,4,2,3,4,5,4,5,3,4,4,4,4,4,4,3,5,3,4,4,5,5,4,3,3,4,4,4,1,3,2,4,2,4,4,4,5,3,4,4,4,5,3,4,4,5,4,2,4,2,2,4,4,4,4,4,4,2,4,2,2,4,1,20,16,12,11,13,16,High,Neither high nor low,Neither high nor low,Neither high nor low,High,16,O
4,4,4,1,1,2,3,2,2,4,2,1,4,2,2,2,2,2,4,5,2,5,1,2,2,3,2,2,2,2,2,3,4,2,2,4,2,2,2,2,4,2,2,2,4,2,2,2,4,4,3,5,4,4,5,3,2,3,4,4,4,5,3,3,4,4,3,4,1,20,14,14,15,15,17,High,High,High,High,Very High,17,A
4,4,2,2,4,3,5,4,2,5,4,4,5,4,1,4,2,4,4,5,4,4,2,5,2,2,4,3,3,3,5,4,5,2,2,5,4,3,3,4,4,4,4,4,5,4,4,3,4,4,3,4,3,3,4,2,2,4,4,4,3,4,3,4,4,2,2,3,1,21,13,10,15,12,16,Neither high nor low,Low,High,Neither high nor low,High,16,A
5,5,5,4,3,4,4,4,2,3,2,4,4,4,2,3,3,4,2,5,4,5,3,4,3,3,4,4,2,3,4,4,4,3,2,2,2,3,3,4,4,4,4,2,2,3,3,3,5,4,3,4,5,5,5,4,4,3,4,4,5,5,3,2,5,3,3,5,1,19,16,15,16,16,18,High,High,High,High,Very High,18,A
3,4,4,2,2,5,4,3,3,3,3,4,3,4,1,2,2,4,3,5,3,4,3,4,3,2,4,4,2,1,2,3,3,3,1,1,1,1,1,4,4,3,4,3,4,4,4,3,3,4,4,5,3,1,4,5,2,3,4,4,4,3,2,1,5,5,3,3,1,25,11,18,9,13,17,Neither high nor low,Very High,Low,Neither high nor low,Very High,18,C
3,3,5,5,5,4,3,4,5,3,3,4,4,4,3,4,3,4,3,5,4,3,4,3,4,4,4,4,4,4,3,4,3,3,2,3,4,4,3,4,5,4,4,3,3,4,4,4,5,5,4,2,4,4,4,4,3,4,5,5,3,2,4,3,4,4,4,4,1,21,16,15,17,11,18,High,High,Very High,Neither high nor low,Very High,18,A
5,5,4,2,4,5,1,3,4,4,2,4,4,3,2,3,4,2,4,5,2,4,1,1,4,1,4,4,4,4,4,4,4,5,1,4,4,1,1,5,5,4,4,1,1,1,1,1,5,5,3,4,4,4,5,2,3,5,4,5,5,2,4,3,5,5,4,5,1,20,18,15,16,13,20,Very High,High,High,Neither high nor low,Extremely High,20,A
3,3,4,2,2,5,3,5,2,2,4,4,5,5,2,4,4,5,5,5,4,1,1,1,1,1,1,1,1,1,1,5,5,2,3,2,1,4,1,1,1,5,5,4,3,4,4,4,4,4,3,4,4,5,5,5,2,5,5,4,5,4,5,4,5,5,1,5,0,23,19,18,18,11,18,Extremely High,Very High,Very High,Neither high nor low,Very High,19,O
3,1,3,1,1,3,2,3,3,4,5,5,5,5,3,3,4,4,2,4,4,1,2,1,2,1,3,3,1,1,3,4,5,1,1,2,3,1,1,2,5,5,5,3,3,5,4,2,5,5,3,4,4,5,5,3,4,3,4,5,3,4,4,5,5,2,4,4,1,21,15,11,19,16,20,High,Neither high nor low,Extremely High,High,Extremely High,20,A
5,5,5,4,3,3,5,4,4,4,3,3,4,3,1,3,1,3,5,5,3,5,1,3,4,3,3,3,4,4,3,4,3,4,1,2,1,3,3,4,4,3,3,3,3,1,1,3,5,4,3,3,4,5,5,5,3,3,4,5,4,4,1,5,4,4,5,4,0,30,12,16,19,15,18,Neither high nor low,High,Extremely High,High,Very High,19,E
4,2,4,2,5,5,4,5,5,3,3,4,4,4,4,4,4,3,5,3,4,2,4,3,4,4,4,4,4,5,4,3,4,4,4,4,4,4,5,3,4,4,4,4,5,3,3,4,4,4,2,3,3,4,4,2,3,2,5,5,5,2,4,4,4,3,2,3,0,33,12,12,17,10,17,Neither high nor low,Neither high nor low,Very High,Low,Very High,17,E
4,3,4,1,3,4,2,0,0,4,5,0,4,0,1,4,1,5,4,5,5,3,4,4,3,4,5,5,3,4,0,0,0,0,0,0,0,0,0,0,4,5,5,1,3,4,3,1,4,5,2,5,5,5,5,2,3,5,5,4,3,3,3,4,5,3,5,4,1,20,17,10,18,16,19,Very High,Low,Very High,High,Extremely High,19,A
4,2,5,3,4,5,3,5,4,1,3,4,5,4,2,4,4,3,4,5,5,3,4,4,2,3,5,5,5,4,4,2,4,2,1,1,3,3,1,4,5,5,5,3,3,4,4,2,4,4,3,5,3,5,4,3,5,5,2,4,4,5,4,5,5,2,5,3,1,21,15,12,16,20,17,High,Neither high nor low,High,Extremely High,Very High,20,N
2,2,5,3,4,3,3,3,4,2,2,1,3,3,1,3,4,4,4,4,4,2,2,1,4,3,3,2,2,3,5,3,4,2,1,1,2,2,1,3,4,2,1,1,2,2,2,2,5,5,2,2,4,5,2,5,3,2,5,4,4,3,4,5,5,5,4,5,0,31,15,16,20,12,16,High,High,Extremely High,Neither high nor low,High,20,E
4,1,5,3,4,5,4,5,4,5,3,4,4,4,1,4,3,3,5,3,4,3,1,4,5,1,2,2,2,5,5,1,3,3,3,1,2,3,1,3,3,1,1,4,3,1,2,1,5,4,2,5,5,5,4,1,3,5,5,4,3,5,5,5,5,1,5,5,1,21,20,7,20,18,17,Extremely High,Very Low,Extremely High,Very High,Very High,20,O
3,4,4,2,4,4,1,3,2,3,4,3,4,4,1,3,2,2,4,5,4,5,3,3,3,1,4,4,4,3,4,3,5,1,1,2,3,3,1,1,5,4,4,1,2,1,1,1,5,5,3,2,3,5,5,5,1,3,5,3,3,2,3,5,5,5,1,5,1,22,14,16,20,6,18,High,High,Extremely High,Very Low,Very High,20,E
2,4,1,1,3,3,2,1,4,5,5,3,4,3,2,3,3,2,5,5,4,4,3,1,5,1,5,5,5,4,3,5,1,1,1,1,4,3,1,1,5,3,3,3,3,5,5,1,5,4,3,5,5,5,5,5,3,5,5,5,4,3,5,4,5,5,5,5,0,20,20,17,19,16,19,Extremely High,Very High,Extremely High,High,Extremely High,20,O
5,5,5,1,3,4,1,2,3,2,2,3,1,2,1,2,3,4,5,5,5,4,2,1,1,1,5,4,4,2,2,3,1,1,1,1,1,1,1,1,4,2,3,1,1,1,1,1,4,4,3,4,2,5,5,1,2,2,4,4,2,5,3,3,4,3,4,4,1,22,11,9,16,15,17,Neither high nor low,Low,High,High,Very High,17,A
5,5,5,5,2,1,1,1,1,1,5,4,4,4,1,1,1,3,3,1,2,5,5,1,5,5,5,1,1,1,5,5,5,5,5,5,5,5,5,5,5,5,5,5,5,5,5,5,5,5,5,5,2,4,5,5,5,1,2,3,4,5,3,2,1,5,4,3,1,23,9,19,13,19,14,Low,Extremely High,Neither high nor low,Extremely High,High,19,C
3,4,4,5,4,5,1,4,4,3,1,3,4,5,1,4,1,5,4,5,5,4,4,3,5,5,5,5,5,4,5,4,5,1,1,1,4,4,1,1,4,4,4,1,1,1,4,1,5,5,3,4,5,5,5,1,2,5,5,4,2,4,4,5,5,4,2,5,1,31,19,10,20,12,19,Extremely High,Low,Extremely High,Neither high nor low,Extremely High,20,E
4,2,4,1,4,4,2,5,4,4,5,5,5,4,3,5,3,4,5,4,5,2,4,1,5,4,4,4,4,5,5,5,4,4,2,1,5,5,2,1,5,4,4,5,4,4,4,4,5,4,3,2,5,5,5,3,2,4,5,4,3,2,4,5,5,2,4,5,1,22,18,11,20,10,18,Very High,Neither high nor low,Extremely High,Low,Very High,20,E
3,4,4,1,5,4,3,3,3,2,4,4,4,4,2,4,4,4,4,4,4,4,1,2,4,4,5,5,3,3,3,4,2,4,1,4,3,3,4,4,2,4,4,4,4,3,4,2,5,4,3,4,4,5,4,3,4,2,4,4,3,4,3,4,4,4,4,4,1,22,13,13,18,16,16,Neither high nor low,Neither high nor low,Very High,High,High,18,E
4,4,5,4,5,4,3,4,5,4,3,4,5,3,3,5,4,4,5,5,5,4,3,1,5,5,3,3,5,5,5,3,4,4,2,2,3,4,2,3,5,3,4,4,4,3,3,3,4,4,5,2,4,4,5,4,3,4,5,5,4,2,4,4,5,4,3,4,1,20,16,17,17,10,19,High,Very High,Very High,Low,Extremely High,19,A
2,4,5,2,1,3,4,2,2,3,1,4,4,4,4,1,1,4,2,3,4,5,2,5,5,2,4,3,1,4,5,4,1,1,1,1,3,2,1,1,4,4,4,3,2,1,3,2,4,4,2,4,5,4,4,1,2,5,5,4,1,2,4,2,4,1,3,4,1,21,18,5,15,11,16,Very High,Extremely Low,High,Neither high nor low,High,18,O
4,4,4,5,2,4,3,3,3,3,2,4,5,4,3,4,4,4,3,5,4,4,5,4,3,3,4,4,4,4,3,3,4,3,2,3,4,4,3,3,5,4,4,3,3,2,5,3,5,4,3,5,5,3,4,3,3,3,4,4,5,4,3,3,3,2,3,5,1,24,16,13,15,15,15,High,Neither high nor low,High,High,High,16,O
5,5,3,5,1,5,4,2,1,3,4,5,4,4,2,3,3,5,2,5,5,4,4,3,3,3,5,5,2,2,2,5,4,1,1,1,1,4,1,4,5,5,5,4,3,4,4,1,5,4,3,2,4,5,5,3,1,5,5,5,5,3,5,4,5,2,2,5,1,22,19,13,19,8,19,Extremely High,Neither high nor low,Extremely High,Low,Extremely High,19,O
4,1,4,1,3,5,1,3,2,4,5,5,5,5,5,5,3,4,3,5,5,1,1,2,3,4,4,4,2,4,2,4,5,3,3,3,3,4,3,2,4,5,5,4,2,5,5,4,4,3,2,5,5,4,5,3,4,4,5,2,3,2,3,4,5,2,4,5,1,21,17,10,17,15,15,Very High,Low,Very High,High,High,17,O
3,3,2,3,4,3,4,2,4,3,4,5,3,4,1,4,2,5,3,5,3,2,3,1,1,1,3,2,4,4,2,3,5,2,2,3,2,1,1,3,4,4,3,3,2,5,3,1,5,4,2,4,5,5,5,2,1,4,5,4,3,2,3,5,4,3,5,5,0,22,17,10,20,12,17,Very High,Low,Extremely High,Neither high nor low,Very High,20,E
4,5,2,4,2,4,4,1,1,5,3,3,4,4,1,2,2,4,3,5,4,5,4,4,3,3,4,3,2,2,3,4,4,1,1,1,1,3,3,5,3,2,4,3,3,4,3,3,4,4,3,3,2,4,5,4,4,3,4,4,4,4,3,3,5,4,5,4,1,21,12,15,15,16,18,Neither high nor low,High,High,High,Very High,18,A
1,4,4,1,2,2,1,1,4,1,1,1,1,2,1,3,1,1,1,5,1,3,1,1,3,2,1,1,1,1,3,1,1,1,1,1,1,1,1,1,3,1,1,3,1,1,1,1,3,3,1,5,4,5,5,4,3,2,5,3,3,2,5,5,4,4,1,2,1,22,13,12,18,11,15,Neither high nor low,Neither high nor low,Very High,Neither high nor low,High,18,E
4,4,4,3,3,5,3,2,2,2,2,5,5,5,1,4,2,4,1,4,5,4,4,5,3,2,4,4,3,2,4,3,3,2,2,4,2,2,2,3,4,4,4,2,4,2,2,2,5,4,1,2,3,5,5,2,2,3,4,3,3,3,2,4,5,4,4,4,1,19,12,10,18,11,17,Neither high nor low,Low,Very High,Neither high nor low,Very High,18,E
4,4,4,1,4,3,1,3,3,2,2,4,5,4,3,4,3,4,4,5,4,4,1,4,4,3,5,5,4,1,1,3,2,2,4,2,2,4,2,3,5,5,5,2,3,2,3,4,3,5,3,4,5,3,4,2,3,3,3,5,5,2,5,3,4,5,3,5,1,,18,15,12,12,18,Very High,High,Neither high nor low,Neither high nor low,Very High,18,O
2,4,5,1,4,5,4,3,3,4,5,5,5,4,4,2,4,4,3,5,2,5,1,5,3,5,1,1,1,4,5,5,1,1,1,1,2,2,2,4,5,3,3,2,5,5,4,1,4,4,3,5,5,5,4,5,4,3,2,4,5,5,3,1,4,1,2,5,1,21,16,14,12,16,16,High,High,Neither high nor low,High,High,16,O
5,5,4,2,4,4,2,3,4,4,2,4,5,5,3,4,4,5,3,5,4,4,2,2,4,4,4,4,4,4,4,4,4,3,4,3,4,4,4,4,4,4,4,4,4,2,4,4,4,5,4,2,4,4,5,4,3,3,4,5,4,2,4,2,5,4,3,4,1,21,15,16,14,10,20,High,High,High,Low,Extremely High,20,A
4,5,4,3,1,5,4,3,3,4,5,5,4,4,2,2,3,4,2,4,4,5,4,4,2,4,4,5,2,4,4,4,2,1,1,1,1,3,1,3,4,4,4,1,4,4,4,4,3,4,2,3,4,2,4,1,1,5,5,5,3,4,2,2,5,2,3,4,1,18,15,8,12,11,18,High,Low,Neither high nor low,Neither high nor low,Very High,18,A
4,4,3,3,2,2,4,3,4,4,4,3,3,3,2,2,2,2,3,4,4,4,3,4,4,4,3,3,3,3,3,4,3,3,2,2,2,3,3,3,3,3,3,4,4,3,3,3,4,4,3,4,3,4,4,3,3,3,4,4,5,4,3,3,4,2,4,3,1,18,12,13,15,15,16,Neither high nor low,Neither high nor low,High,High,High,16,A
5,5,5,5,2,3,1,2,3,3,3,2,4,4,2,3,2,4,3,5,3,5,5,2,1,1,4,3,2,3,2,3,3,1,1,1,3,3,2,4,4,4,4,4,3,4,2,2,4,5,3,4,3,4,5,4,4,3,3,5,4,5,3,4,5,3,3,3,1,18,12,14,15,16,20,Neither high nor low,High,High,High,Extremely High,20,A
3,4,3,3,4,4,4,3,4,3,3,5,4,4,3,4,5,3,3,4,3,4,3,4,4,4,3,3,4,3,4,3,4,3,3,3,3,3,3,3,4,4,4,3,4,4,3,3,4,4,4,3,4,4,5,2,2,3,4,4,3,4,3,2,4,3,4,3,0,19,13,12,14,13,17,Neither high nor low,Neither high nor low,High,Neither high nor low,Very High,17,A
1,1,5,2,4,4,3,2,4,2,4,3,3,3,3,5,4,5,5,3,5,1,1,1,3,5,3,3,5,4,3,4,4,3,4,3,4,5,2,1,2,2,2,3,4,4,3,3,3,2,4,3,5,1,2,5,4,3,3,2,3,2,4,2,3,4,4,4,0,21,16,16,9,13,9,High,High,Low,Neither high nor low,Low,16,O
4,4,5,5,2,3,3,1,3,3,3,2,5,4,1,4,1,4,1,5,4,2,2,2,3,1,3,3,2,1,1,4,4,3,2,1,4,3,3,3,4,4,3,4,2,1,1,3,4,3,3,2,2,4,5,4,2,3,2,4,4,3,2,4,5,2,2,3,0,32,10,13,14,9,17,Low,Neither high nor low,High,Low,Very High,17,A
4,4,4,3,5,4,4,2,3,1,4,5,4,4,1,4,5,4,1,4,4,4,1,2,4,5,4,4,5,4,4,4,5,3,4,4,4,4,5,1,1,3,3,3,4,3,2,5,4,4,5,2,4,5,5,4,3,4,4,4,4,3,3,5,5,5,2,3,0,25,14,18,18,10,18,High,Very High,Very High,Low,Very High,18,C
3,3,4,5,4,5,4,4,4,4,4,4,3,4,2,4,2,5,2,4,5,2,5,3,4,4,5,5,3,4,3,4,4,3,2,2,4,4,3,5,5,5,5,4,3,4,5,3,4,4,3,4,4,4,5,2,4,4,4,4,4,2,4,3,4,4,2,4,0,18,16,13,15,12,17,High,Neither high nor low,High,Neither high nor low,Very High,17,A
4,2,3,2,5,3,2,3,4,2,4,3,4,4,2,5,3,3,5,5,3,1,2,1,3,4,3,3,4,4,2,3,2,2,2,1,1,4,1,3,3,2,3,4,2,4,2,4,3,4,4,2,3,2,5,4,4,4,4,4,5,2,4,2,3,4,4,3,0,23,14,17,11,12,16,High,Very High,Neither high nor low,Neither high nor low,High,17,C
4,4,3,2,2,5,4,3,3,2,3,5,4,5,3,5,5,5,4,5,5,4,4,4,3,4,5,5,5,4,4,3,5,2,3,5,5,5,2,3,4,5,5,4,5,4,5,5,3,4,2,4,3,3,1,2,3,2,4,4,4,3,3,2,4,3,5,4,1,18,12,11,12,15,13,Neither high nor low,Neither high nor low,Neither high nor low,High,Neither high nor low,15,N
4,4,4,1,4,5,3,3,4,5,5,5,4,5,3,4,3,3,4,5,5,4,3,4,2,2,4,4,3,2,2,4,5,4,3,1,2,3,2,4,3,4,4,3,4,4,3,5,3,4,3,4,4,3,4,1,4,3,3,4,2,3,2,3,4,2,4,4,1,19,13,8,12,15,16,Neither high nor low,Low,Neither high nor low,High,High,16,A
2,2,1,5,3,4,3,1,3,1,5,5,5,5,3,3,4,4,5,2,4,2,5,4,1,3,4,4,3,3,1,4,2,1,2,3,3,3,2,1,4,4,5,1,3,4,4,4,3,4,1,5,4,4,4,3,3,4,4,3,3,5,4,4,4,4,4,3,0,19,15,11,15,17,15,High,Neither high nor low,High,Very High,High,17,N
3,4,4,3,2,5,4,2,2,3,1,4,5,4,4,4,3,5,3,4,5,5,4,4,0,3,5,5,3,4,3,4,4,3,3,2,3,3,3,4,5,5,5,3,2,1,5,2,4,4,3,5,4,5,4,4,3,3,5,4,4,4,3,4,5,3,3,4,1,21,14,14,18,15,17,High,High,Very High,High,Very High,18,E
4,5,4,3,3,5,4,3,3,4,2,5,5,5,4,4,3,4,3,5,5,4,4,3,3,4,5,5,3,5,5,5,4,3,2,3,3,3,3,4,5,5,5,4,4,2,5,3,4,4,4,2,4,4,4,3,2,4,4,4,4,3,4,3,4,3,2,4,1,21,16,14,15,9,16,High,High,High,Low,High,16,O
3,2,4,5,4,3,5,4,4,1,5,4,4,4,4,5,5,3,4,5,4,1,5,1,1,3,4,3,4,3,2,4,5,2,4,1,2,3,3,4,2,3,3,3,3,4,4,5,4,2,3,4,5,3,4,5,2,3,4,2,5,4,3,4,3,4,3,4,0,19,15,17,15,13,11,High,Very High,High,Neither high nor low,Neither high nor low,17,C
5,4,5,3,4,5,3,4,4,3,2,4,5,4,4,3,5,4,2,0,5,4,3,4,4,4,5,5,4,5,3,4,5,0,2,4,5,4,0,0,4,4,4,5,3,3,5,4,3,4,2,5,3,4,5,5,4,4,5,4,5,2,3,2,5,3,3,3,0,18,13,15,14,14,18,Neither high nor low,High,High,High,Very High,18,A
4,1,2,3,4,4,5,2,4,3,4,5,4,4,2,3,4,3,0,4,4,1,1,1,1,2,4,3,4,1,1,2,3,1,1,1,4,1,1,1,1,4,4,1,3,4,5,3,4,3,2,4,4,2,5,5,3,1,3,4,4,2,1,4,4,3,2,4,0,18,10,14,13,11,16,Low,High,Neither high nor low,Neither high nor low,High,16,A
3,3,4,4,2,4,4,3,3,1,5,5,5,5,4,2,5,5,1,5,5,3,4,5,1,2,5,4,2,3,1,5,5,1,4,5,4,2,5,3,4,4,5,1,4,5,5,5,3,3,1,2,5,3,4,5,2,3,3,3,4,4,5,4,4,5,2,5,0,21,18,15,13,10,14,Very High,High,Neither high nor low,Low,High,18,O
3,5,4,2,4,3,3,2,5,2,5,2,3,2,2,3,2,5,3,3,5,4,4,4,3,4,4,4,4,4,4,4,5,2,2,2,4,4,1,2,4,2,2,2,3,5,5,2,2,3,2,4,4,3,3,3,4,4,4,2,4,5,5,2,3,4,4,5,1,32,18,13,11,17,11,Very High,Neither high nor low,Neither high nor low,Very High,Neither high nor low,18,O
3,3,4,4,4,4,1,4,4,2,4,2,2,4,3,4,4,5,5,5,5,4,4,1,5,5,5,4,4,5,5,3,3,3,3,3,4,4,3,3,5,3,3,3,3,4,4,3,4,5,3,3,4,5,5,5,4,5,5,5,5,3,5,5,5,5,5,5,1,32,19,18,19,15,20,Extremely High,Very High,Extremely High,High,Extremely High,20,A
4,4,5,2,4,5,3,0,4,1,4,4,5,4,1,4,4,4,3,3,5,5,1,4,2,4,5,5,4,4,4,1,1,1,1,1,1,3,0,3,4,5,4,3,5,4,4,4,3,4,2,3,4,3,5,4,5,3,3,4,5,3,4,2,5,5,4,4,1,22,15,16,11,15,18,High,High,Neither high nor low,High,Very High,18,A
2,1,3,2,4,4,2,2,4,1,3,3,3,4,2,5,4,3,4,3,4,1,2,4,2,4,2,3,4,3,1,2,3,1,3,1,2,4,1,1,3,2,2,1,4,3,2,5,2,2,3,5,4,2,1,5,2,2,2,4,5,3,4,4,2,5,4,4,0,23,14,18,10,14,9,High,Very High,Low,High,Low,18,C
2,1,1,3,2,3,1,1,1,1,4,4,2,4,4,4,4,4,4,2,4,1,3,4,4,5,4,3,4,1,1,1,1,2,3,1,2,4,1,1,4,4,4,1,3,5,3,4,2,3,5,2,3,2,4,5,3,2,3,3,4,2,4,5,4,5,1,3,0,18,12,19,12,8,14,Neither high nor low,Extremely High,Neither high nor low,Low,High,19,C
3,3,5,2,3,5,3,1,3,3,5,5,3,5,5,3,5,5,5,5,5,3,2,5,3,3,4,3,3,5,3,4,5,3,3,3,3,3,3,3,3,4,4,3,3,4,3,3,4,4,3,2,5,2,5,3,2,5,5,4,4,2,5,2,5,4,3,5,0,19,20,14,13,9,18,Extremely High,High,Neither high nor low,Low,Very High,20,O
3,3,4,5,2,2,3,3,2,4,4,5,4,4,5,5,4,3,2,4,1,2,5,5,2,4,2,1,1,1,1,3,4,1,1,3,2,4,1,4,1,3,3,3,4,3,3,4,4,4,5,2,2,4,4,5,4,2,4,3,5,3,2,4,4,5,2,2,0,32,8,20,16,11,15,Low,Extremely High,High,Neither high nor low,High,20,C
3,3,4,4,4,3,3,4,4,3,4,5,5,5,2,4,5,5,2,5,4,2,5,5,2,3,4,4,4,3,3,4,4,1,1,1,1,3,1,1,4,5,5,1,4,5,4,5,3,3,2,4,4,2,1,4,2,5,3,3,4,3,4,2,4,3,4,4,0,23,17,13,10,13,11,Very High,Neither high nor low,Low,Neither high nor low,Neither high nor low,17,O
4,4,5,1,5,5,3,3,4,4,5,4,5,5,3,5,5,5,5,5,5,3,1,5,4,4,5,5,5,4,5,5,4,1,1,1,4,5,1,3,4,4,5,4,2,5,4,5,4,5,5,1,4,4,5,2,1,4,4,5,3,1,4,5,5,5,3,5,0,21,17,15,17,6,20,Very High,High,Very High,Very Low,Extremely High,20,A
3,1,5,1,5,5,5,2,5,2,1,1,3,1,1,3,2,1,1,1,2,1,1,1,5,5,3,4,4,5,3,2,2,3,1,1,4,4,4,3,3,2,1,1,5,2,2,5,5,5,3,5,4,5,5,1,3,5,5,5,2,3,5,3,5,1,3,3,0,22,17,7,18,14,20,Very High,Very Low,Very High,High,Extremely High,20,A
3,4,4,5,2,4,4,3,3,3,4,5,4,5,2,4,3,4,4,5,5,4,5,5,1,1,4,5,1,4,1,4,4,1,1,1,1,4,1,3,1,4,5,1,1,4,4,1,4,5,4,5,5,4,5,3,3,2,5,5,5,5,3,4,5,4,4,5,0,19,15,16,17,17,20,High,High,Very High,Very High,Extremely High,20,A
3,3,4,3,2,5,3,3,3,2,5,5,5,5,3,4,4,5,4,5,5,1,3,5,1,4,5,4,3,3,3,3,4,3,3,1,1,3,1,1,5,4,4,1,1,5,4,3,4,4,2,4,5,5,5,4,4,5,4,4,4,4,5,4,5,3,4,5,0,29,20,13,17,16,18,Extremely High,Neither high nor low,Very High,High,Very High,20,O
3,4,2,3,5,4,4,1,5,3,2,4,5,4,3,3,5,3,2,5,4,4,3,5,1,1,3,3,1,1,1,3,3,1,1,5,1,1,1,3,3,3,3,1,1,1,1,1,5,5,3,2,3,5,5,3,3,2,5,5,4,1,2,2,5,4,4,3,0,24,10,14,17,10,20,Low,High,Very High,Low,Extremely High,20,A
1,1,1,1,3,4,3,1,1,1,5,5,5,5,3,2,5,4,4,5,5,1,2,5,1,1,5,5,1,1,1,5,5,1,4,4,1,1,1,1,5,5,5,1,1,5,5,5,4,4,3,3,5,5,5,1,1,5,5,3,2,2,4,4,4,4,2,5,0,20,19,10,18,8,16,Extremely High,Low,Very High,Low,High,19,O
2,2,2,5,3,5,4,5,1,3,5,5,4,5,4,3,5,5,2,4,5,1,5,5,5,1,5,5,3,3,3,2,5,3,5,5,4,3,4,4,3,5,5,4,3,5,4,5,3,3,1,2,5,4,4,3,1,4,4,3,1,4,3,2,4,2,3,5,0,18,17,7,13,10,14,Very High,Very Low,Neither high nor low,Low,High,17,O
3,5,3,3,4,5,5,5,5,2,3,5,5,5,3,5,5,5,3,3,4,1,3,4,3,4,4,3,4,2,3,3,4,2,1,1,3,3,3,3,4,4,4,4,4,4,5,4,4,3,2,3,3,4,4,3,2,3,4,2,5,2,3,2,4,4,2,4,0,19,13,14,14,9,13,Neither high nor low,High,High,Low,Neither high nor low,14,C
2,1,3,5,1,3,2,4,5,1,3,3,4,5,5,5,2,1,3,4,5,1,5,5,5,1,2,1,3,5,1,2,5,4,5,1,1,2,2,3,3,5,1,2,1,4,5,1,3,1,2,4,5,5,4,3,2,1,1,1,2,3,5,1,5,3,2,1,0,19,12,10,10,11,11,Neither high nor low,Low,Low,Neither high nor low,Neither high nor low,12,O
1,1,1,3,3,4,5,4,4,1,4,5,5,5,2,1,4,2,3,5,4,1,3,4,3,4,4,4,4,3,1,3,5,1,3,5,3,2,2,2,2,3,4,2,2,3,3,3,4,4,3,2,5,4,4,2,1,3,4,3,5,3,3,1,5,5,3,5,0,20,16,15,13,9,16,High,High,Neither high nor low,Low,High,16,O
5,3,3,4,5,5,5,3,5,4,5,4,5,4,3,5,5,5,4,5,5,2,5,5,3,5,5,4,5,5,5,5,5,1,3,4,3,5,2,3,5,4,5,1,5,5,4,5,5,4,4,5,5,5,4,3,2,4,5,4,4,4,4,4,2,1,4,5,0,20,18,12,19,15,14,Very High,Neither high nor low,Extremely High,High,High,19,E
5,4,5,5,5,5,4,5,4,4,5,5,5,5,4,5,5,5,5,5,5,3,5,5,3,5,4,4,4,4,4,4,5,3,3,3,4,5,3,4,5,3,3,3,3,5,3,5,3,4,3,4,5,1,5,2,1,5,4,3,4,2,5,2,4,4,4,5,0,20,20,13,10,11,16,Extremely High,Neither high nor low,Low,Neither high nor low,High,20,O
4,4,5,2,5,4,1,3,5,3,3,4,3,4,3,4,5,4,5,5,5,4,2,1,4,4,4,4,5,5,5,4,3,3,2,2,4,4,2,3,5,3,3,4,3,3,3,3,4,4,4,4,4,3,5,4,4,3,4,4,4,3,3,4,5,3,4,4,1,20,14,15,15,15,18,High,High,High,High,Very High,18,A
4,4,4,4,2,5,4,1,1,3,4,4,5,5,2,4,4,3,3,4,4,1,4,4,1,1,1,1,1,1,1,1,4,1,4,4,4,4,1,4,1,4,4,3,3,2,1,3,4,4,2,1,3,4,5,3,2,2,4,4,3,3,5,4,4,5,5,4,0,25,14,13,16,11,17,High,Neither high nor low,High,Neither high nor low,Very High,17,A
3,4,4,4,1,4,3,1,1,1,4,4,4,4,4,4,4,3,3,4,3,4,5,5,2,3,3,3,2,2,2,3,3,3,3,3,3,3,3,3,3,4,4,3,3,3,3,3,3,4,1,4,4,2,4,2,1,3,4,4,4,1,3,2,4,3,1,4,0,18,14,10,11,7,16,High,Low,Neither high nor low,Very Low,High,16,A
3,5,5,3,3,5,4,2,3,1,1,3,4,4,1,1,3,1,2,4,4,4,3,3,4,2,4,4,3,2,1,1,3,3,1,4,1,3,2,4,3,3,4,3,2,2,1,1,4,4,3,4,3,4,4,5,5,3,4,4,4,3,4,2,5,5,2,4,1,23,14,17,14,14,17,High,Very High,High,High,Very High,17,C
3,3,4,4,3,5,3,2,4,2,4,5,5,5,1,3,3,4,1,5,4,3,4,4,3,4,4,4,2,3,3,3,5,3,3,3,3,3,3,4,3,4,4,3,3,4,3,3,4,4,3,4,4,3,5,5,2,3,5,4,4,4,5,4,5,4,2,5,1,22,17,16,16,12,18,Very High,High,High,Neither high nor low,Very High,18,A
3,4,5,1,4,2,1,0,0,0,0,0,4,0,1,3,2,1,4,3,2,5,2,3,4,3,3,3,2,5,5,2,1,1,1,1,2,2,1,3,5,3,3,4,4,2,2,4,4,5,4,4,4,4,5,4,5,4,4,5,4,3,4,4,5,3,5,4,1,21,16,15,16,17,20,High,High,High,Very High,Extremely High,20,A
5,5,5,1,3,3,4,3,4,5,5,5,5,5,4,4,3,4,5,5,4,5,2,1,3,4,5,4,4,3,4,4,5,3,2,3,3,4,2,5,5,5,5,4,4,5,5,3,4,4,4,5,4,5,5,4,4,4,4,4,4,5,4,4,5,4,4,5,1,22,17,16,17,18,18,Very High,High,Very High,Very High,Very High,18,N
1,2,3,1,4,4,2,3,4,4,2,4,5,5,3,4,1,3,5,5,5,1,1,1,2,4,5,5,5,2,2,4,4,1,1,1,1,1,1,4,5,5,5,1,2,3,4,1,2,4,2,5,4,2,5,4,5,5,1,4,4,3,5,3,5,5,5,5,1,33,19,15,8,18,18,Extremely High,High,Low,Very High,Very High,19,O
4,5,2,1,2,1,4,2,3,4,4,5,5,5,3,3,1,4,5,5,4,5,2,4,3,3,4,4,4,1,1,4,2,1,1,1,1,1,1,4,5,4,4,3,2,4,3,2,5,4,3,3,4,4,5,1,2,4,3,4,5,5,4,4,5,5,3,5,1,22,17,14,16,13,18,Very High,High,High,Neither high nor low,Very High,18,A
3,4,2,3,4,3,3,2,4,3,2,2,4,3,2,4,2,4,2,4,4,1,3,4,1,2,0,0,1,2,2,4,1,1,1,1,1,1,1,1,4,2,1,2,3,2,2,1,4,4,2,4,5,5,5,2,2,1,5,4,3,4,1,5,4,2,1,4,1,20,11,9,19,11,17,Neither high nor low,Low,Extremely High,Neither high nor low,Very High,19,E
3,4,3,5,1,4,1,3,1,2,3,3,3,4,1,2,3,4,3,4,4,1,4,1,1,1,2,1,1,2,1,3,4,1,1,4,3,5,1,3,1,2,2,1,3,1,1,5,3,4,2,5,2,3,5,2,2,3,4,4,3,4,4,3,5,3,4,2,0,20,11,10,13,15,18,Neither high nor low,Low,Neither high nor low,High,Very High,18,A
4,3,2,5,4,5,4,3,4,1,3,4,5,4,2,2,3,2,2,4,3,2,5,3,3,3,4,4,4,2,2,3,5,1,1,5,5,3,1,4,3,3,3,2,2,3,2,2,4,4,2,3,5,3,4,4,2,3,4,4,3,3,4,3,5,5,3,5,0,22,17,14,14,11,17,Very High,High,High,Neither high nor low,Very High,17,O
4,2,3,1,5,3,3,3,4,3,4,5,5,4,3,4,3,2,3,5,1,2,1,1,3,3,2,4,5,4,3,4,4,3,4,5,3,4,3,2,3,4,4,5,3,2,2,3,4,4,3,4,5,3,4,2,2,3,5,3,4,3,3,3,5,4,3,5,0,27,16,13,15,12,16,High,Neither high nor low,High,Neither high nor low,High,16,O
3,1,3,2,3,3,4,4,4,5,5,5,5,5,3,3,4,4,3,5,5,3,1,3,3,2,4,4,4,1,4,4,4,1,3,3,4,3,1,2,5,5,5,3,3,4,5,4,4,4,3,5,5,5,5,2,5,5,5,5,2,4,3,4,5,2,1,5,1,21,18,9,18,15,19,Very High,Low,Very High,High,Extremely High,19,A
3,3,4,5,4,5,4,2,3,4,5,5,5,5,4,3,4,3,2,3,4,3,4,4,3,2,4,5,4,3,2,3,4,2,2,5,5,5,3,3,4,4,4,3,5,3,3,4,4,4,3,2,4,4,5,2,1,4,4,4,4,3,3,4,4,3,2,4,99,,15,12,16,8,17,High,Neither high nor low,High,Low,Very High,17,A
4,4,4,1,5,2,5,1,4,5,4,5,5,5,2,2,5,5,4,5,4,4,2,4,4,4,4,4,4,1,1,5,5,1,1,1,1,5,4,4,4,4,4,2,2,2,2,2,5,5,5,4,5,5,3,3,2,2,5,5,5,5,1,1,5,5,3,5,0,22,13,18,16,14,18,Neither high nor low,Very High,High,High,Very High,18,C
2,1,3,3,5,3,4,4,5,3,5,5,5,4,3,5,4,4,3,5,5,1,3,3,4,4,4,4,5,3,1,4,5,4,3,3,3,4,3,4,4,4,4,4,3,5,4,4,3,4,3,2,4,3,4,2,2,3,3,3,3,4,3,2,5,3,3,4,0,20,14,11,11,11,16,High,Neither high nor low,Neither high nor low,Neither high nor low,High,16,A
2,2,4,5,3,5,4,4,3,4,4,4,2,4,5,3,3,5,4,3,4,2,4,3,2,1,5,3,2,4,2,4,5,2,1,1,2,2,2,4,3,4,4,2,3,4,5,1,1,2,3,4,4,1,2,4,4,4,3,2,4,4,5,1,3,4,4,4,0,19,17,15,6,16,9,Very High,High,Very Low,High,Low,17,O
4,3,3,5,2,3,4,4,2,4,5,3,1,3,0,5,0,0,2,5,4,4,5,4,3,3,5,4,3,5,3,3,4,3,3,5,3,3,4,5,4,4,3,3,3,3,3,3,5,5,4,5,5,3,1,2,3,4,5,5,4,5,2,1,4,2,4,3,0,18,14,12,14,17,15,High,Neither high nor low,High,Very High,High,17,N
4,4,2,3,4,5,4,2,3,1,5,4,5,5,4,4,4,3,1,5,5,4,4,4,3,2,4,4,4,5,4,5,5,1,1,5,2,3,1,3,3,4,4,2,4,4,4,4,4,3,2,2,5,5,4,2,1,1,5,4,4,3,3,4,5,2,4,5,0,22,14,10,18,10,16,High,Low,Very High,Low,High,18,E
1,1,2,5,4,5,5,2,3,1,5,5,3,4,2,5,5,5,1,4,5,1,5,4,5,4,5,5,5,1,1,4,5,1,2,5,4,4,1,1,4,5,4,4,5,5,5,2,4,3,3,3,5,2,4,4,2,1,5,5,5,2,2,3,2,4,2,4,0,21,12,16,14,9,14,Neither high nor low,High,High,Low,High,16,C
3,2,3,2,4,4,3,3,4,3,3,4,4,5,3,4,5,3,3,3,3,3,3,3,3,3,3,4,4,3,3,3,3,3,3,4,4,4,4,3,3,3,4,3,3,3,3,3,4,4,3,4,4,2,4,3,3,2,4,4,3,4,4,2,4,4,3,3,0,21,13,13,12,14,16,Neither high nor low,Neither high nor low,Neither high nor low,High,High,16,A